analyses.id;nageurs.id;prenom;nageurs.nom;sexe;anneeDeNaissance;nationalite;club;courses.id;dateCourse;competitions.nom;longueurBassin;distances.libelle;styles.libelle;rounds.libelle;tpsDebutCourse;tpsFinal;tpsReaction;tpsDecollagePieds;tpsVol;couloir
1;270;Mewen;TOMAC;m;20010101;FRA;AMIENS METROPOLE NAT.;1;20210319;GFT 2021 MARSEILLE;50;100;Dos;Series;7,55;53,1;0,5;0,5;0,62;4
2;197;Yohann;NDOYE BROUARD;m;20000101;FRA;DAUPHINS D'ANNECY;1;20210319;GFT 2021 MARSEILLE;50;100;Dos;Series;8;53,21;0,5;0,5;0,59;5
235;168;Pauline;MAHIEU;f;19990101;FRA;CANET 66 NATATION;1;20210319;GFT 2021 MARSEILLE;50;100;Dos;Series;18,95;61,59;0,5;0,5;0,55;3
233;191;Mary-Ambre;MOLUH;f;20050101;FRA;U.S CRETEIL NATATION;1;20210319;GFT 2021 MARSEILLE;50;100;Dos;Series;11,41;62,92;0,5;0,5;0,61;3
234;51;Mathilde;CINI;f;19940101;FRA;VALENCE TRIATHLON;1;20210319;GFT 2021 MARSEILLE;50;100;Dos;Series;11,35;61,57;0,5;0,5;0,66;5
236;16;Paul-Gabriel;BEDEL;m;19940101;FRA;CN MARSEILLE;1;20210319;GFT 2021 MARSEILLE;50;100;Dos;Series;8,01;55,35;0,5;0,5;0,7;3
237;202;Maxence;ORANGE;m;19980101;FRA;NANTES NATATION;1;20210319;GFT 2021 MARSEILLE;50;100;Dos;Series;8,05;54,46;0,5;0,5;0,62;5
238;129;Stanislas;HUILLE;m;19990101;FRA;SN VERSAILLES;1;20210319;GFT 2021 MARSEILLE;50;100;Dos;Series;4,77;54,78;0,5;0,5;0,62;3
6;67;Justine;DELMAS;f;20050101;FRA;CNO ST-GERMAIN-EN-LAYE;2;20210319;GFT 2021 MARSEILLE;50;50;Brasse;Series;6,89;31,89;0,6;0,6;0,82;6
8;77;Cyrielle;DUHAMEL;f;20000101;FRA;STADE BÉTHUNE PÉLICAN CLUB;2;20210319;GFT 2021 MARSEILLE;50;50;Brasse;Series;6,65;32,08;0,6;0,6;0,82;3
7;95;Solène;GALLEGO;f;19950101;FRA;CANET 66 NATATION;2;20210319;GFT 2021 MARSEILLE;50;50;Brasse;Series;8,41;31,92;0,6;0,6;0,94;3
3;281;Antoine;VIQUERAT;m;19980101;FRA;DAUPHINS TOULOUSE OEC;2;20210319;GFT 2021 MARSEILLE;50;50;Brasse;Series;10,01;28,31;0,6;0,6;0,97;3
4;276;Julien;VALOUR;m;20010101;FRA;CN MARSEILLE;2;20210319;GFT 2021 MARSEILLE;50;50;Brasse;Series;9,96;28,45;0,6;0,6;0,99;6
5;1;Carl;AITKACI;m;20010101;FRA;ETOILES 92;2;20210319;GFT 2021 MARSEILLE;50;50;Brasse;Series;6,3;28,51;0,6;0,6;0,99;3
12;109;Maxime;GROUSSET;m;19990101;FRA;AMIENS METROPOLE NAT.;3;20210319;GFT 2021 MARSEILLE;50;50;Nage Libre;Series;6,31;22,42;0,6;0,6;0,98;4
9;173;Florent;MANAUDOU;m;19900101;FRA;CN MARSEILLE;3;20210319;GFT 2021 MARSEILLE;50;50;Nage Libre;Series;15,35;21,87;0,6;0,6;1,04;4
10;189;Clément;MIGNON;m;19930101;FRA;CN MARSEILLE;3;20210319;GFT 2021 MARSEILLE;50;50;Nage Libre;Series;15,35;22,51;0,6;0,6;1;5
11;18;Julien;BEROL;m;20010101;FRA;CN MARSEILLE;3;20210319;GFT 2021 MARSEILLE;50;50;Nage Libre;Series;15,33;22,66;0,6;0,6;1;8
208;118;Mélanie;HENIQUE;f;19920101;FRA;CN MARSEILLE;4;20210319;GFT 2021 MARSEILLE;50;50;Papillon;Series;6,75;25,77;0,6;0,6;0,96;4
207;25;Charlotte;BONNET;f;19950101;FRA;OLYMPIC NICE NATATION;4;20210319;GFT 2021 MARSEILLE;50;50;Papillon;Series;6,84;26,56;0,6;0,6;0,87;3
206;196;Maty;NDOYE BROUARD;f;20040101;FRA;DAUPHINS D'ANNECY;4;20210319;GFT 2021 MARSEILLE;50;50;Papillon;Series;6,83;27,44;0,6;0,6;0,9;2
204;284;Marie;WATTEL;f;19970101;FRA;CN MARSEILLE;4;20210319;GFT 2021 MARSEILLE;50;50;Papillon;Series;6,57;25,91;0,6;0,6;0,91;4
205;68;Lucie;DELMAS;f;20050101;FRA;CNO ST-GERMAIN-EN-LAYE;4;20210319;GFT 2021 MARSEILLE;50;50;Papillon;Series;9,31;27,15;0,6;0,6;0,9;6
53;191;Mary-Ambre;MOLUH;f;20050101;FRA;U.S CRETEIL NATATION;5;20210319;GFT 2021 MARSEILLE;50;100;Dos;Finale;9,75;62,47;0,5;0,5;0,62;1
54;51;Mathilde;CINI;f;19940101;FRA;VALENCE TRIATHLON;5;20210319;GFT 2021 MARSEILLE;50;100;Dos;Finale;9,59;62,15;0,6;0,6;0,76;2
55;65;Maaike;DE WAARD;f;19960101;NED;PAYS-BAS;5;20210319;GFT 2021 MARSEILLE;50;100;Dos;Finale;9,71;61,56;0,5;0,5;0,58;3
56;272;Kira;TOUSSAINT;f;19940101;NED;PAYS-BAS;5;20210319;GFT 2021 MARSEILLE;50;100;Dos;Finale;9,61;59,84;0,5;0,5;0,6;4
57;147;Simona;KUBOVA;f;19910101;CZE;RÉPUBLIQUE TCHÈQUE;5;20210319;GFT 2021 MARSEILLE;50;100;Dos;Finale;9,65;61,05;0,5;0,5;0,58;5
58;53;Michelle;COLEMAN;f;19930101;SWE;SUÈDE;5;20210319;GFT 2021 MARSEILLE;50;100;Dos;Finale;9,72;61,01;0,5;0,5;0,73;6
59;168;Pauline;MAHIEU;f;19990101;FRA;CANET 66 NATATION;5;20210319;GFT 2021 MARSEILLE;50;100;Dos;Finale;9,75;61,81;0,5;0,5;0,54;7
60;217;Caroline;PILHATSCH;f;19990101;AUT;AUTRICHE;5;20210319;GFT 2021 MARSEILLE;50;100;Dos;Finale;9,67;63,51;0,5;0,5;0,64;8
61;16;Paul-Gabriel;BEDEL;m;19940101;FRA;CN MARSEILLE;5;20210319;GFT 2021 MARSEILLE;50;100;Dos;Finale;12,29;55,46;0,5;0,5;0,72;1
62;129;Stanislas;HUILLE;m;19990101;FRA;SN VERSAILLES;5;20210319;GFT 2021 MARSEILLE;50;100;Dos;Finale;12,33;54,6;0,5;0,5;0,64;2
63;202;Maxence;ORANGE;m;19980101;FRA;NANTES NATATION;5;20210319;GFT 2021 MARSEILLE;50;100;Dos;Finale;12,37;54,33;0,5;0,5;0,64;3
64;270;Mewen;TOMAC;m;20010101;FRA;AMIENS METROPOLE NAT.;5;20210319;GFT 2021 MARSEILLE;50;100;Dos;Finale;12,31;53,19;0,5;0,5;0,59;4
65;197;Yohann;NDOYE BROUARD;m;20000101;FRA;DAUPHINS D'ANNECY;5;20210319;GFT 2021 MARSEILLE;50;100;Dos;Finale;12,27;52,97;0,5;0,5;0,56;5
66;170;Evangelos;MAKRYGIANNIS;m;20000101;GRE;GRÈCE;5;20210319;GFT 2021 MARSEILLE;50;100;Dos;Finale;12,3;54,17;0,5;0,5;0,62;6
67;190;Roman;MITYUKOV;m;20000101;SUI;GENÈVE NATATION 1885;5;20210319;GFT 2021 MARSEILLE;50;100;Dos;Finale;12,25;54,52;0,5;0,5;0,58;7
68;49;Apostolos;CHRISTOU;m;19960101;GRE;GRÈCE;5;20210319;GFT 2021 MARSEILLE;50;100;Dos;Finale;12,29;53,71;0,5;0,5;0,6;8
21;77;Cyrielle;DUHAMEL;f;20000101;FRA;STADE BÉTHUNE PÉLICAN CLUB;6;20210319;GFT 2021 MARSEILLE;50;50;Brasse;Finale;7,66;32,13;0,6;0,6;0,83;1
22;172;Lisa;MAMIE';f;19980101;SUI;RARI NANTES TORINO;6;20210319;GFT 2021 MARSEILLE;50;50;Brasse;Finale;7,77;31,52;0,6;0,6;0,88;2
23;67;Justine;DELMAS;f;20050101;FRA;CNO ST-GERMAIN-EN-LAYE;6;20210319;GFT 2021 MARSEILLE;50;50;Brasse;Finale;7,71;31,89;0,6;0,6;0,82;3
24;186;Rosey;METZ;f;20010101;NED;WVZ ZOETERMEER;6;20210319;GFT 2021 MARSEILLE;50;50;Brasse;Finale;7,7;30,9;0,6;0,6;0,87;4
25;267;Kotryna;TETEREVKOVA;f;20020101;LTU;LITUANIE;6;20210319;GFT 2021 MARSEILLE;50;50;Brasse;Finale;7,67;31,69;0,6;0,6;0,88;5
26;95;Solène;GALLEGO;f;19950101;FRA;CANET 66 NATATION;6;20210319;GFT 2021 MARSEILLE;50;50;Brasse;Finale;7,69;32,42;0,6;0,6;0,94;6
27;248;Tes;SCHOUTEN;f;20000101;NED;PAYS-BAS;6;20210319;GFT 2021 MARSEILLE;50;50;Brasse;Finale;7,69;31,91;0,6;0,6;0,92;7
28;235;Ana-Pinho;RODRIGUES;f;19940101;POR;ESCOLA DESPORTIVA DE VIANA;6;20210319;GFT 2021 MARSEILLE;50;50;Brasse;Finale;7,69;32,23;0,6;0,6;0,96;8
13;276;Julien;VALOUR;m;20010101;FRA;CN MARSEILLE;6;20210319;GFT 2021 MARSEILLE;50;50;Brasse;Finale;6,29;27,93;0,6;0,6;0,96;1
14;281;Antoine;VIQUERAT;m;19980101;FRA;DAUPHINS TOULOUSE OEC;6;20210319;GFT 2021 MARSEILLE;50;50;Brasse;Finale;6,3;28,3;0,6;0,6;0,99;2
15;238;Christopher;ROTHBAUER;m;19980101;AUT;AUTRICHE;6;20210319;GFT 2021 MARSEILLE;50;50;Brasse;Finale;6,28;27,9;0,6;0,6;0,98;3
16;136;Arno;KAMMINGA;m;19950101;NED;PAYS-BAS;6;20210319;GFT 2021 MARSEILLE;50;50;Brasse;Finale;6,29;27,45;0,6;0,6;1,01;4
17;255;Caba;SILADJI;m;19900101;SRB;SERBIE;6;20210319;GFT 2021 MARSEILLE;50;50;Brasse;Finale;6,26;27,37;0,6;0,6;0,93;5
18;254;Andrius;SIDLAUSKAS;m;19970101;LTU;LITUANIE;6;20210319;GFT 2021 MARSEILLE;50;50;Brasse;Finale;6,5;28,27;0,6;0,6;0,78;6
19;14;Valentin;BAYER;m;19990101;AUT;AUTRICHE;6;20210319;GFT 2021 MARSEILLE;50;50;Brasse;Finale;6,25;28,39;0,6;0,6;0,97;7
20;1;Carl;AITKACI;m;20010101;FRA;ETOILES 92;6;20210319;GFT 2021 MARSEILLE;50;50;Brasse;Finale;6,28;28,32;0,6;0,6;0,99;8
29;18;Julien;BEROL;m;20010101;FRA;CN MARSEILLE;7;20210319;GFT 2021 MARSEILLE;50;50;Nage Libre;Finale;8,23;22,72;0,6;0,6;1;1
30;189;Clément;MIGNON;m;19930101;FRA;CN MARSEILLE;7;20210319;GFT 2021 MARSEILLE;50;50;Nage Libre;Finale;8,24;22,41;0,6;0,6;0,97;2
31;64;Thom;DE BOER;m;19910101;NED;DE DOLFIJN AMSTERDAM;7;20210319;GFT 2021 MARSEILLE;50;50;Nage Libre;Finale;8,27;22,44;0,6;0,6;0,97;3
32;173;Florent;MANAUDOU;m;19900101;FRA;CN MARSEILLE;7;20210319;GFT 2021 MARSEILLE;50;50;Nage Libre;Finale;8,23;21,72;0,6;0,6;1,02;4
33;227;Jesse;PUTS;m;19940101;NED;PAYS-BAS;7;20210319;GFT 2021 MARSEILLE;50;50;Nage Libre;Finale;8,2;22,23;0,6;0,6;1,01;5
34;109;Maxime;GROUSSET;m;19990101;FRA;AMIENS METROPOLE NAT.;7;20210319;GFT 2021 MARSEILLE;50;50;Nage Libre;Finale;8,23;22,43;0,6;0,6;1;6
35;216;Stan;PIJNENBURG;m;19960101;NED;PAYS-BAS;7;20210319;GFT 2021 MARSEILLE;50;50;Nage Libre;Finale;8,18;22,75;0,6;0,6;0,99;7
36;256;Kenzo;SIMONS;m;20010101;NED;PAYS-BAS;7;20210319;GFT 2021 MARSEILLE;50;50;Nage Libre;Finale;8,26;22,59;0,6;0,6;0,99;8
37;68;Lucie;DELMAS;f;20050101;FRA;CNO ST-GERMAIN-EN-LAYE;8;20210319;GFT 2021 MARSEILLE;50;50;Papillon;Finale;10,37;27,16;0,6;0,6;0,9;1
38;38;Kim;BUSCH;f;19980101;NED;PAYS-BAS;8;20210319;GFT 2021 MARSEILLE;50;50;Papillon;Finale;10,33;26,56;0,6;0,6;0,9;2
39;116;Femke;HEEMSKERK;f;19870101;NED;PAYS-BAS;8;20210319;GFT 2021 MARSEILLE;50;50;Papillon;Finale;10,29;26,23;0,6;0,6;0,86;3
40;118;Mélanie;HENIQUE;f;19920101;FRA;CN MARSEILLE;8;20210319;GFT 2021 MARSEILLE;50;50;Papillon;Finale;10,2;25,47;0,6;0,6;0,95;4
41;145;Ranomi;KROMOWIDJOJO;f;19900101;NED;PAYS-BAS;8;20210319;GFT 2021 MARSEILLE;50;50;Papillon;Finale;10,27;25,59;0,6;0,6;0,86;5
42;25;Charlotte;BONNET;f;19950101;FRA;OLYMPIC NICE NATATION;8;20210319;GFT 2021 MARSEILLE;50;50;Papillon;Finale;10,24;26,36;0,6;0,6;0,92;6
43;259;Marrit;STEENBERGEN;f;20000101;NED;PAYS-BAS;8;20210319;GFT 2021 MARSEILLE;50;50;Papillon;Finale;10,37;27,06;0,6;0,6;0,86;7
44;196;Maty;NDOYE BROUARD;f;20040101;FRA;DAUPHINS D'ANNECY;8;20210319;GFT 2021 MARSEILLE;50;50;Papillon;Finale;10,37;27,6;0,6;0,6;0,88;8
45;280;Nicolas;VERMOREL;m;19990101;FRA;CN MARSEILLE;9;20210319;GFT 2021 MARSEILLE;50;100;Papillon;Finale;6,32;53,41;0,6;0,6;1,01;1
46;250;Clement;SECCHI;m;20000101;FRA;CN MARSEILLE;9;20210319;GFT 2021 MARSEILLE;50;100;Papillon;Finale;6,28;53,53;0,6;0,6;0,98;2
47;185;Mehdy;METELLA;m;19920101;FRA;CN MARSEILLE;9;20210319;GFT 2021 MARSEILLE;50;100;Papillon;Finale;6,36;52,02;0,6;0,6;0,97;3
48;222;Noe;PONTI;m;20010101;SUI;NUOTO SPORT LOCARNO;9;20210319;GFT 2021 MARSEILLE;50;100;Papillon;Finale;6,39;51,89;0,6;0,6;0,96;4
49;142;Nyls;KORSTANJE;m;19990101;NED;PAYS-BAS;9;20210319;GFT 2021 MARSEILLE;50;100;Papillon;Finale;6,34;52,93;0,6;0,6;0,95;5
50;251;Jan;SEFL;m;19900101;CZE;RÉPUBLIQUE TCHÈQUE;9;20210319;GFT 2021 MARSEILLE;50;100;Papillon;Finale;6,31;52,92;0,6;0,6;1;6
51;56;Sergueï;COMTE;m;20000101;FRA;RC BRON DÉCINES NATATION;9;20210319;GFT 2021 MARSEILLE;50;100;Papillon;Finale;6,3;53,74;0,6;0,6;0,97;7
52;234;Charles;RIHOUX;m;19980101;FRA;OLYMPIC NICE NATATION;9;20210319;GFT 2021 MARSEILLE;50;100;Papillon;Finale;6,35;53,56;0,6;0,6;0,97;8
73;19;Clément;BIDARD;m;20010101;FRA;MULHOUSE ON;10;20210319;GFT 2021 MARSEILLE;50;200;4 Nages;Finale;9,89;119,83;0,6;0,6;0,98;5
74;222;Noe;PONTI;m;20010101;SUI;NUOTO SPORT LOCARNO;10;20210319;GFT 2021 MARSEILLE;50;200;4 Nages;Finale;9,95;122,07;0,6;0,6;0,96;6
75;232;Geoffrey;RENARD;m;19970101;FRA;DAUPHINS TOULOUSE OEC;10;20210319;GFT 2021 MARSEILLE;50;200;4 Nages;Finale;9,88;124,15;0,6;0,6;0,91;6
76;164;Emmanuel;LIMOZIN;m;19960101;FRA;CN MARSEILLE;10;20210319;GFT 2021 MARSEILLE;50;200;4 Nages;Finale;9,82;123,97;0,6;0,6;0,99;8
69;242;Ladislas;SALCZER;m;20000101;FRA;OLYMPIC NICE NATATION;10;20210319;GFT 2021 MARSEILLE;50;200;4 Nages;Finale;8,1;125,2;0,6;0,6;0,83;1
70;263;Jaouad;SYOUD;m;19990101;ALG;OLYMPIC NICE NATATION;10;20210319;GFT 2021 MARSEILLE;50;200;4 Nages;Finale;8,12;121;0,6;0,6;0,93;2
71;176;Léon;MARCHAND;m;20020101;FRA;DAUPHINS TOULOUSE OEC;10;20210319;GFT 2021 MARSEILLE;50;200;4 Nages;Finale;8,13;118,97;0,6;0,6;0,9;3
72;72;Jeremy;DESPLANCHES;m;19940101;SUI;OLYMPIC NICE NATATION;10;20210319;GFT 2021 MARSEILLE;50;200;4 Nages;Finale;8,09;117,5;0,6;0,6;0,98;4
78;173;Florent;MANAUDOU;m;19900101;FRA;CN MARSEILLE;11;20210320;GFT 2021 MARSEILLE;50;50;Papillon;Series;3,4;23,43;0,6;0,6;0,97;4
79;109;Maxime;GROUSSET;m;19990101;FRA;AMIENS METROPOLE NAT.;11;20210320;GFT 2021 MARSEILLE;50;50;Papillon;Series;3,35;23,85;0,6;0,6;1;4
210;189;Clément;MIGNON;m;19930101;FRA;CN MARSEILLE;11;20210320;GFT 2021 MARSEILLE;50;50;Papillon;Series;8,91;24,11;0,6;0,6;0,98;4
211;219;Thomas;PIRON;m;20000101;FRA;LYON NATATION METROPOLE;11;20210320;GFT 2021 MARSEILLE;50;50;Papillon;Series;3,33;23,97;0,6;0,6;0,95;2
209;280;Nicolas;VERMOREL;m;19990101;FRA;CN MARSEILLE;11;20210320;GFT 2021 MARSEILLE;50;50;Papillon;Series;5,01;24,05;0,6;0,6;1;6
165;271;Assia;TOUATI;f;19950101;FRA;DAUPHINS TOULOUSE OEC;12;20210320;GFT 2021 MARSEILLE;50;100;Nage Libre;Finale;14,45;55,24;0,6;0,6;0,96;1
166;53;Michelle;COLEMAN;f;19930101;SWE;SUÈDE;12;20210320;GFT 2021 MARSEILLE;50;100;Nage Libre;Finale;14,55;54,86;0,6;0,6;0,94;2
167;25;Charlotte;BONNET;f;19950101;FRA;OLYMPIC NICE NATATION;12;20210320;GFT 2021 MARSEILLE;50;100;Nage Libre;Finale;14,47;53,7;0,6;0,6;0,88;3
168;284;Marie;WATTEL;f;19970101;FRA;CN MARSEILLE;12;20210320;GFT 2021 MARSEILLE;50;100;Nage Libre;Finale;14,5;53,32;0,6;0,6;0,9;4
169;116;Femke;HEEMSKERK;f;19870101;NED;PAYS-BAS;12;20210320;GFT 2021 MARSEILLE;50;100;Nage Libre;Finale;14,51;53,41;0,6;0,6;0,86;5
170;22;Pernille;BLUME;f;19940101;DEN;DANEMARK;12;20210320;GFT 2021 MARSEILLE;50;100;Nage Libre;Finale;14,45;53,89;0,6;0,6;1;6
171;211;Federica;PELLEGRINI;f;19880101;ITA;CIRCOLO CANOTTIERI ANIENE;12;20210320;GFT 2021 MARSEILLE;50;100;Nage Libre;Finale;14,51;53,84;0,6;0,6;0,9;7
172;85;Margaux;FABRE;f;19920101;FRA;CANET 66 NATATION;12;20210320;GFT 2021 MARSEILLE;50;100;Nage Libre;Finale;14,47;55,65;0,6;0,6;0,9;8
96;98;Rébecca;GENSANE;f;20040101;FRA;LYON NATATION METROPOLE;13;20210320;GFT 2021 MARSEILLE;50;200;4 Nages;Finale;5,4;141,06;0,6;0,6;0,91;1
97;208;Nikoletta;PAVLOPOULOU;f;20010101;GRE;GRÈCE;13;20210320;GFT 2021 MARSEILLE;50;200;4 Nages;Finale;5,41;139,82;0,6;0,6;0,88;2
98;69;Marjolein;DELNO;f;19940101;NED;PAYS-BAS;13;20210320;GFT 2021 MARSEILLE;50;200;4 Nages;Finale;5,48;137,8;0,6;0,6;0,87;3
99;77;Cyrielle;DUHAMEL;f;20000101;FRA;STADE BÉTHUNE PÉLICAN CLUB;13;20210320;GFT 2021 MARSEILLE;50;200;4 Nages;Finale;5,41;133,52;0,6;0,6;0,84;4
100;124;Kristyna;HORSKA;f;19970101;CZE;RÉPUBLIQUE TCHÈQUE;13;20210320;GFT 2021 MARSEILLE;50;200;4 Nages;Finale;5,56;135,77;0,6;0,6;0,88;5
101;269;Camille;TISSANDIE;f;20040101;FRA;CASTRES SPORTS NAUTIQUES;13;20210320;GFT 2021 MARSEILLE;50;200;4 Nages;Finale;5,52;136,32;0,6;0,6;0,92;6
102;91;Alexandra;FROISSART;f;19980101;SUI;LANCY NATATION ;13;20210320;GFT 2021 MARSEILLE;50;200;4 Nages;Finale;5,58;139,7;0,6;0,6;0,84;7
103;92;Meghan;FROUIN;f;20010101;FRA;STADE FRANÇAIS O COURBEVOIE;13;20210320;GFT 2021 MARSEILLE;50;200;4 Nages;Finale;5,46;142,99;0,6;0,6;1;8
142;63;Camille;DAUBA;f;19970101;FRA;CN SARREGUEMINES;14;20210320;GFT 2021 MARSEILLE;50;200;Brasse;Finale;11,29;148,58;0,6;0,6;0,86;5
143;248;Tes;SCHOUTEN;f;20000101;NED;PAYS-BAS;14;20210320;GFT 2021 MARSEILLE;50;200;Brasse;Finale;11,23;149,19;0,6;0,6;0,97;6
144;172;Lisa;MAMIE';f;19980101;SUI;RARI NANTES TORINO;14;20210320;GFT 2021 MARSEILLE;50;200;Brasse;Finale;11,32;145,88;0,6;0,6;0,89;7
145;282;Tjasa;VOZEL;f;19940101;SLO;SLOVÉNIE;14;20210320;GFT 2021 MARSEILLE;50;200;Brasse;Finale;11,31;151,48;0,6;0,6;0,9;8
138;124;Kristyna;HORSKA;f;19970101;CZE;RÉPUBLIQUE TCHÈQUE;14;20210320;GFT 2021 MARSEILLE;50;200;Brasse;Finale;10,95;146,93;0,6;0,6;0,9;1
139;267;Kotryna;TETEREVKOVA;f;20020101;LTU;LITUANIE;14;20210320;GFT 2021 MARSEILLE;50;200;Brasse;Finale;10,95;148,45;0,6;0,6;0,84;2
140;66;Fanny;DEBERGHES;f;19940101;FRA;AAS SARCELLES NATATION 95;14;20210320;GFT 2021 MARSEILLE;50;200;Brasse;Finale;10,95;148,42;0,6;0,6;0,94;3
141;67;Justine;DELMAS;f;20050101;FRA;CNO ST-GERMAIN-EN-LAYE;14;20210320;GFT 2021 MARSEILLE;50;200;Brasse;Finale;11,05;148,18;0,6;0,6;0,83;4
131;140;Marco;KOCH;m;19900101;GER;SG FRANKFURT;14;20210320;GFT 2021 MARSEILLE;50;200;Brasse;Finale;7,16;131,72;0,6;0,6;0,89;2
130;174;Antoine;MARC;m;20000101;FRA;MULHOUSE ON;14;20210320;GFT 2021 MARSEILLE;50;200;Brasse;Finale;7,14;131,95;0,6;0,6;0,95;1
132;254;Andrius;SIDLAUSKAS;m;19970101;LTU;LITUANIE;14;20210320;GFT 2021 MARSEILLE;50;200;Brasse;Finale;7,16;133,99;0,6;0,6;1;3
133;136;Arno;KAMMINGA;m;19950101;NED;PAYS-BAS;14;20210320;GFT 2021 MARSEILLE;50;200;Brasse;Finale;7,11;128,08;0,6;0,6;1,04;4
134;238;Christopher;ROTHBAUER;m;19980101;AUT;AUTRICHE;14;20210320;GFT 2021 MARSEILLE;50;200;Brasse;Finale;9,46;131,43;0,6;0,6;0,95;5
135;268;Savvas;THOMOGLOU;m;20010101;GRE;GRÈCE;14;20210320;GFT 2021 MARSEILLE;50;200;Brasse;Finale;9,39;133,08;0,6;0,6;0,98;6
136;28;Thomas;BOURSAC CERVERA LORTET;m;19990101;FRA;DAUPHINS TOULOUSE OEC;14;20210320;GFT 2021 MARSEILLE;50;200;Brasse;Finale;9,34;134,88;0,6;0,6;0,95;7
137;72;Jeremy;DESPLANCHES;m;19940101;SUI;OLYMPIC NICE NATATION;14;20210320;GFT 2021 MARSEILLE;50;200;Brasse;Finale;9,34;133,83;0,6;0,6;0,97;8
267;180;Geoffroy;MATHIEU;m;19970101;FRA;STADE CLERMONT NATATION;15;20210320;GFT 2021 MARSEILLE;50;200;Dos;Series;4,43;118,67;0,5;0,5;0,6;4
268;270;Mewen;TOMAC;m;20010101;FRA;AMIENS METROPOLE NAT.;15;20210320;GFT 2021 MARSEILLE;50;200;Dos;Series;4,43;119,27;0,5;0,5;0,6;5
262;197;Yohann;NDOYE BROUARD;m;20000101;FRA;DAUPHINS D'ANNECY;15;20210320;GFT 2021 MARSEILLE;50;200;Dos;Series;1,31;122,13;0,5;0,5;0,59;4
266;202;Maxence;ORANGE;m;19980101;FRA;NANTES NATATION;15;20210320;GFT 2021 MARSEILLE;50;200;Dos;Series;11,39;119,7;0,5;0,5;0,62;3
263;90;Ewan;FRIZZAS;m;20010101;FRA;MARTIGUES NATATION;15;20210320;GFT 2021 MARSEILLE;50;200;Dos;Series;13,23;122,41;0,6;0,6;0,71;2
264;35;Christophe;BRUN;m;19980101;FRA;CN ANTIBES;15;20210320;GFT 2021 MARSEILLE;50;200;Dos;Series;13,32;119,14;0,5;0,5;0,58;3
265;119;Antoine;HERLEM;m;19990101;FRA;DAUPHINS TOULOUSE OEC;15;20210320;GFT 2021 MARSEILLE;50;200;Dos;Series;6,87;118,1;0,5;0,5;0,6;6
88;101;Tessa;GIELE;f;20020101;NED;FEIJENOORD ALBION ZWEMCLUB;16;20210320;GFT 2021 MARSEILLE;50;50;Dos;Finale;9,69;28,73;0,5;0,5;0,62;1
89;217;Caroline;PILHATSCH;f;19990101;AUT;AUTRICHE;16;20210320;GFT 2021 MARSEILLE;50;50;Dos;Finale;9,65;28,73;0,5;0,5;0,67;2
90;191;Mary-Ambre;MOLUH;f;20050101;FRA;U.S CRETEIL NATATION;16;20210320;GFT 2021 MARSEILLE;50;50;Dos;Finale;9,65;28,37;0,5;0,5;0,62;3
91;272;Kira;TOUSSAINT;f;19940101;NED;PAYS-BAS;16;20210320;GFT 2021 MARSEILLE;50;50;Dos;Finale;9,56;27,87;0,5;0,5;0,61;4
92;65;Maaike;DE WAARD;f;19960101;NED;PAYS-BAS;16;20210320;GFT 2021 MARSEILLE;50;50;Dos;Finale;9,69;28,12;0,5;0,5;0,6;5
93;215;Analia;PIGREE;f;20010101;FRA;CANET 66 NATATION;16;20210320;GFT 2021 MARSEILLE;50;50;Dos;Finale;9,63;28,6;0,5;0,5;0,64;6
94;168;Pauline;MAHIEU;f;19990101;FRA;CANET 66 NATATION;16;20210320;GFT 2021 MARSEILLE;50;50;Dos;Finale;9,69;28,97;0,5;0,5;0,56;7
95;147;Simona;KUBOVA;f;19910101;CZE;RÉPUBLIQUE TCHÈQUE;16;20210320;GFT 2021 MARSEILLE;50;50;Dos;Finale;9,63;29,24;0,5;0,5;0,58;8
80;189;Clément;MIGNON;m;19930101;FRA;CN MARSEILLE;17;20210320;GFT 2021 MARSEILLE;50;50;Papillon;Finale;10,89;24,12;0,6;0,6;0,98;1
81;219;Thomas;PIRON;m;20000101;FRA;LYON NATATION METROPOLE;17;20210320;GFT 2021 MARSEILLE;50;50;Papillon;Finale;10,96;23,93;0,6;0,6;0,91;2
83;173;Florent;MANAUDOU;m;19900101;FRA;CN MARSEILLE;17;20210320;GFT 2021 MARSEILLE;50;50;Papillon;Finale;10,91;23,55;0,6;0,6;1;4
82;222;Noe;PONTI;m;20010101;SUI;NUOTO SPORT LOCARNO;17;20210320;GFT 2021 MARSEILLE;50;50;Papillon;Finale;10,97;23,39;0,6;0,6;1;3
84;142;Nyls;KORSTANJE;m;19990101;NED;PAYS-BAS;17;20210320;GFT 2021 MARSEILLE;50;50;Papillon;Finale;10,84;23,54;0,6;0,6;0,99;5
85;109;Maxime;GROUSSET;m;19990101;FRA;AMIENS METROPOLE NAT.;17;20210320;GFT 2021 MARSEILLE;50;50;Papillon;Finale;10,85;23,52;0,6;0,6;1;6
86;280;Nicolas;VERMOREL;m;19990101;FRA;CN MARSEILLE;17;20210320;GFT 2021 MARSEILLE;50;50;Papillon;Finale;10,87;24,05;0,6;0,6;0,98;7
87;227;Jesse;PUTS;m;19940101;NED;PAYS-BAS;17;20210320;GFT 2021 MARSEILLE;50;50;Papillon;Finale;10,83;24,07;0,6;0,6;1,06;8
105;152;Mehdi;LAGILI;m;19970101;TUN;CN ANTIBES;18;20210320;GFT 2021 MARSEILLE;50;200;Nage Libre;Finale;18,99;108,9;0,6;0,6;0,9;1
106;115;Robin;HANSON;m;20010101;SWE;SUÈDE;18;20210320;GFT 2021 MARSEILLE;50;200;Nage Libre;Finale;18,91;108,69;0,6;0,6;1,02;2
107;265;Enzo;TESIC;m;20000101;FRA;AMIENS METROPOLE NAT.;18;20210320;GFT 2021 MARSEILLE;50;200;Nage Libre;Finale;18,94;108,06;0,6;0,6;0,95;3
108;230;Danas;RAPSYS;m;19950101;LTU;LITUANIE;18;20210320;GFT 2021 MARSEILLE;50;200;Nage Libre;Finale;18,87;106,98;0,6;0,6;0,88;4
109;190;Roman;MITYUKOV;m;20000101;SUI;GENÈVE NATATION 1885;18;20210320;GFT 2021 MARSEILLE;50;200;Nage Libre;Finale;10,72;107,44;0,6;0,6;0,99;5
110;163;Nils;LIESS;m;19960101;SUI;GENÈVE NATATION 1885;18;20210320;GFT 2021 MARSEILLE;50;200;Nage Libre;Finale;10,89;107,4;0,6;0,6;0,94;6
111;245;Hadrien;SALVAN;m;19970101;FRA;STADE DE VANVES;18;20210320;GFT 2021 MARSEILLE;50;200;Nage Libre;Finale;10,78;109,38;0,6;0,6;0,91;7
112;8;Jonathan;ATSU;m;19960101;FRA;DAUPHINS TOULOUSE OEC;18;20210320;GFT 2021 MARSEILLE;50;200;Nage Libre;Finale;10,84;109,69;0,6;0,6;1,01;8
113;197;Yohann;NDOYE BROUARD;m;20000101;FRA;DAUPHINS D'ANNECY;19;20210320;GFT 2021 MARSEILLE;50;200;Dos;Finale;32,27;116,1;0,5;0,5;0,58;1
114;202;Maxence;ORANGE;m;19980101;FRA;NANTES NATATION;19;20210320;GFT 2021 MARSEILLE;50;200;Dos;Finale;32,35;121,45;0,5;0,5;0,62;2
115;35;Christophe;BRUN;m;19980101;FRA;CN ANTIBES;19;20210320;GFT 2021 MARSEILLE;50;200;Dos;Finale;32,33;119,1;0,5;0,5;0,58;3
116;119;Antoine;HERLEM;m;19990101;FRA;DAUPHINS TOULOUSE OEC;19;20210320;GFT 2021 MARSEILLE;50;200;Dos;Finale;32,29;119,15;0,5;0,5;0,62;4
118;180;Geoffroy;MATHIEU;m;19970101;FRA;STADE CLERMONT NATATION;19;20210320;GFT 2021 MARSEILLE;50;200;Dos;Finale;14,19;117,6;0,5;0,5;0,58;5
119;270;Mewen;TOMAC;m;20010101;FRA;AMIENS METROPOLE NAT.;19;20210320;GFT 2021 MARSEILLE;50;200;Dos;Finale;14,18;118,79;0,5;0,5;0,6;6
120;49;Apostolos;CHRISTOU;m;19960101;GRE;GRÈCE;19;20210320;GFT 2021 MARSEILLE;50;200;Dos;Finale;14,13;118,58;0,5;0,5;0,65;7
121;90;Ewan;FRIZZAS;m;20010101;FRA;MARTIGUES NATATION;19;20210320;GFT 2021 MARSEILLE;50;200;Dos;Finale;14,22;120,91;0,5;0,5;0,6;8
122;87;Anna;FAVE;f;20000101;FRA;CN BREST;20;20210320;GFT 2021 MARSEILLE;50;200;Papillon;Finale;7,44;135,77;0,6;0,6;0,87;1
123;175;Juliette;MARCHAND;f;20010101;FRA;CN ANTIBES;20;20210320;GFT 2021 MARSEILLE;50;200;Papillon;Finale;7,45;134,36;0,6;0,6;0,94;2
124;125;Claudia;HUFNAGL;f;19960101;AUT;AUTRICHE;20;20210320;GFT 2021 MARSEILLE;50;200;Papillon;Finale;7,51;134,2;0,6;0,6;0,86;3
125;192;Ana-Catarina;MONTEIRO;f;19930101;POR;PORTUGAL;20;20210320;GFT 2021 MARSEILLE;50;200;Papillon;Finale;7,45;133,1;0,6;0,6;0,96;4
126;233;Lilou;RESSENCOURT;f;20030101;FRA;OLYMPIC NICE NATATION;20;20210320;GFT 2021 MARSEILLE;50;200;Papillon;Finale;8,06;131,88;0,6;0,6;0,99;5
127;62;Georgia;DAMASIOTI;f;20030101;GRE;GRÈCE;20;20210320;GFT 2021 MARSEILLE;50;200;Papillon;Finale;8,09;134,97;0,6;0,6;0,82;6
128;59;Camille;COTTIER;f;20030101;FRA;CN ANTIBES;20;20210320;GFT 2021 MARSEILLE;50;200;Papillon;Finale;8,09;137,75;0,6;0,6;0,84;7
129;11;Faustine;BARALE;f;19990101;FRA;GRENOBLE ALP'38;20;20210320;GFT 2021 MARSEILLE;50;200;Papillon;Finale;8,1;140,98;0,6;0,6;0,85;8
146;109;Maxime;GROUSSET;m;19990101;FRA;AMIENS METROPOLE NAT.;21;20210321;GFT 2021 MARSEILLE;50;100;Nage Libre;Series;8,83;48,77;0,6;0,6;0,97;4
147;189;Clément;MIGNON;m;19930101;FRA;CN MARSEILLE;21;20210321;GFT 2021 MARSEILLE;50;100;Nage Libre;Series;8,86;48,92;0,6;0,6;0,95;4
250;185;Mehdy;METELLA;m;19920101;FRA;CN MARSEILLE;21;20210321;GFT 2021 MARSEILLE;50;100;Nage Libre;Series;8,9;49,13;0,6;0,6;0,99;4
251;234;Charles;RIHOUX;m;19980101;FRA;OLYMPIC NICE NATATION;21;20210321;GFT 2021 MARSEILLE;50;100;Nage Libre;Series;8,88;49,2;0,6;0,6;0,95;6
249;18;Julien;BEROL;m;20010101;FRA;CN MARSEILLE;21;20210321;GFT 2021 MARSEILLE;50;100;Nage Libre;Series;8,85;49,31;0,6;0,6;0,99;3
148;63;Camille;DAUBA;f;19970101;FRA;CN SARREGUEMINES;22;20210321;GFT 2021 MARSEILLE;50;100;Papillon;Finale;10,33;60,48;0,6;0,6;0,9;7
173;262;Lucie;SVECENA;f;19970101;CZE;RÉPUBLIQUE TCHÈQUE;22;20210321;GFT 2021 MARSEILLE;50;100;Papillon;Finale;10,33;61,94;0,6;0,6;0,9;1
174;187;Adelaide;MEUTER;f;20030101;FRA;CNO ST-GERMAIN-EN-LAYE;22;20210321;GFT 2021 MARSEILLE;50;100;Papillon;Finale;10,3;60,62;0,6;0,6;0,96;2
175;62;Georgia;DAMASIOTI;f;20030101;GRE;GRÈCE;22;20210321;GFT 2021 MARSEILLE;50;100;Papillon;Finale;10,28;60,48;0,6;0,6;0,83;3
176;284;Marie;WATTEL;f;19970101;FRA;CN MARSEILLE;22;20210321;GFT 2021 MARSEILLE;50;100;Papillon;Finale;10,34;58,04;0,6;0,6;0,9;4
177;65;Maaike;DE WAARD;f;19960101;NED;PAYS-BAS;22;20210321;GFT 2021 MARSEILLE;50;100;Papillon;Finale;10,36;58,99;0,6;0,6;0,89;5
178;233;Lilou;RESSENCOURT;f;20030101;FRA;OLYMPIC NICE NATATION;22;20210321;GFT 2021 MARSEILLE;50;100;Papillon;Finale;10,27;60,53;0,6;0,6;1;6
179;125;Claudia;HUFNAGL;f;19960101;AUT;AUTRICHE;22;20210321;GFT 2021 MARSEILLE;50;100;Papillon;Finale;10,38;61,76;0,6;0,6;0,88;8
149;96;Nina;GANGL;f;20030101;AUT;AUTRICHE;23;20210321;GFT 2021 MARSEILLE;50;50;Nage Libre;Finale;8,57;25,33;0,6;0,6;0,84;1
150;38;Kim;BUSCH;f;19980101;NED;PAYS-BAS;23;20210321;GFT 2021 MARSEILLE;50;50;Nage Libre;Finale;8,62;25,23;0,6;0,6;0,89;2
151;116;Femke;HEEMSKERK;f;19870101;NED;PAYS-BAS;23;20210321;GFT 2021 MARSEILLE;50;50;Nage Libre;Finale;8,56;24,72;0,6;0,6;0,85;3
152;22;Pernille;BLUME;f;19940101;DEN;DANEMARK;23;20210321;GFT 2021 MARSEILLE;50;50;Nage Libre;Finale;8,51;24,28;0,6;0,6;0,96;4
153;118;Mélanie;HENIQUE;f;19920101;FRA;CN MARSEILLE;23;20210321;GFT 2021 MARSEILLE;50;50;Nage Libre;Finale;8,46;24,73;0,6;0,6;0,97;5
154;284;Marie;WATTEL;f;19970101;FRA;CN MARSEILLE;23;20210321;GFT 2021 MARSEILLE;50;50;Nage Libre;Finale;8,55;24,93;0,6;0,6;0,9;6
155;53;Michelle;COLEMAN;f;19930101;SWE;SUÈDE;23;20210321;GFT 2021 MARSEILLE;50;50;Nage Libre;Finale;8,54;25,4;0,6;0,6;0,95;7
156;183;Amel;MELIH;f;19930101;ALG;ALGÉRIE;23;20210321;GFT 2021 MARSEILLE;50;50;Nage Libre;Finale;8,53;25,75;0,6;0,6;0,94;8
157;202;Maxence;ORANGE;m;19980101;FRA;NANTES NATATION;24;20210321;GFT 2021 MARSEILLE;50;50;Dos;Finale;8,79;25,57;0,5;0,5;0,64;1
158;261;Jérémy;STRAVIUS;m;19880101;FRA;ETOILES 92;24;20210321;GFT 2021 MARSEILLE;50;50;Dos;Finale;8,73;25,51;0,5;0,5;0,62;2
159;129;Stanislas;HUILLE;m;19990101;FRA;SN VERSAILLES;24;20210321;GFT 2021 MARSEILLE;50;50;Dos;Finale;8,79;25,66;0,5;0,5;0,59;3
160;270;Mewen;TOMAC;m;20010101;FRA;AMIENS METROPOLE NAT.;24;20210321;GFT 2021 MARSEILLE;50;50;Dos;Finale;8,76;25,21;0,5;0,5;0,56;4
161;197;Yohann;NDOYE BROUARD;m;20000101;FRA;DAUPHINS D'ANNECY;24;20210321;GFT 2021 MARSEILLE;50;50;Dos;Finale;8,67;25,04;0,5;0,5;0,56;5
162;170;Evangelos;MAKRYGIANNIS;m;20000101;GRE;GRÈCE;24;20210321;GFT 2021 MARSEILLE;50;50;Dos;Finale;8,71;25,68;0,5;0,5;0,6;6
163;49;Apostolos;CHRISTOU;m;19960101;GRE;GRÈCE;24;20210321;GFT 2021 MARSEILLE;50;50;Dos;Finale;8,71;25,21;0,5;0,5;0,62;7
164;89;Tomas;FRANTA;m;19980101;CZE;RÉPUBLIQUE TCHÈQUE;24;20210321;GFT 2021 MARSEILLE;50;50;Dos;Finale;8,75;25,78;0,5;0,5;0,59;8
180;95;Solène;GALLEGO;f;19950101;FRA;CANET 66 NATATION;25;20210321;GFT 2021 MARSEILLE;50;100;Brasse;Finale;7,63;70,6;0,6;0,6;0,96;1
181;282;Tjasa;VOZEL;f;19940101;SLO;SLOVÉNIE;25;20210321;GFT 2021 MARSEILLE;50;100;Brasse;Finale;7,65;70,33;0,6;0,6;0,88;2
182;172;Lisa;MAMIE';f;19980101;SUI;RARI NANTES TORINO;25;20210321;GFT 2021 MARSEILLE;50;100;Brasse;Finale;7,68;68,31;0,6;0,6;0,87;3
183;186;Rosey;METZ;f;20010101;NED;WVZ ZOETERMEER;25;20210321;GFT 2021 MARSEILLE;50;100;Brasse;Finale;7,66;68,41;0,6;0,6;0,83;4
184;248;Tes;SCHOUTEN;f;20000101;NED;PAYS-BAS;25;20210321;GFT 2021 MARSEILLE;50;100;Brasse;Finale;7,62;69,03;0,6;0,6;0,95;5
185;267;Kotryna;TETEREVKOVA;f;20020101;LTU;LITUANIE;25;20210321;GFT 2021 MARSEILLE;50;100;Brasse;Finale;7,6;67,81;0,6;0,6;0,87;6
186;66;Fanny;DEBERGHES;f;19940101;FRA;AAS SARCELLES NATATION 95;25;20210321;GFT 2021 MARSEILLE;50;100;Brasse;Finale;7,66;70,27;0,6;0,6;0,95;7
187;67;Justine;DELMAS;f;20050101;FRA;CNO ST-GERMAIN-EN-LAYE;25;20210321;GFT 2021 MARSEILLE;50;100;Brasse;Finale;7,7;69,65;0,6;0,6;0,81;8
188;276;Julien;VALOUR;m;20010101;FRA;CN MARSEILLE;25;20210321;GFT 2021 MARSEILLE;50;100;Brasse;Finale;12,79;62,74;0,6;0,6;0,94;1
189;28;Thomas;BOURSAC CERVERA LORTET;m;19990101;FRA;DAUPHINS TOULOUSE OEC;25;20210321;GFT 2021 MARSEILLE;50;100;Brasse;Finale;12,73;62,39;0,6;0,6;0,9;2
190;254;Andrius;SIDLAUSKAS;m;19970101;LTU;LITUANIE;25;20210321;GFT 2021 MARSEILLE;50;100;Brasse;Finale;12,83;60,99;0,6;0,6;0,98;3
191;136;Arno;KAMMINGA;m;19950101;NED;PAYS-BAS;25;20210321;GFT 2021 MARSEILLE;50;100;Brasse;Finale;12,78;59,2;0,6;0,6;1,03;4
192;255;Caba;SILADJI;m;19900101;SRB;SERBIE;25;20210321;GFT 2021 MARSEILLE;50;100;Brasse;Finale;12,77;60,81;0,6;0,6;0,96;5
193;238;Christopher;ROTHBAUER;m;19980101;AUT;AUTRICHE;25;20210321;GFT 2021 MARSEILLE;50;100;Brasse;Finale;12,75;61,58;0,6;0,6;1;6
194;14;Valentin;BAYER;m;19990101;AUT;AUTRICHE;25;20210321;GFT 2021 MARSEILLE;50;100;Brasse;Finale;12,75;61,69;0,6;0,6;1,02;7
195;281;Antoine;VIQUERAT;m;19980101;FRA;DAUPHINS TOULOUSE OEC;25;20210321;GFT 2021 MARSEILLE;50;100;Brasse;Finale;12,8;61,94;0,6;0,6;0,93;8
196;190;Roman;MITYUKOV;m;20000101;SUI;GENÈVE NATATION 1885;26;20210321;GFT 2021 MARSEILLE;50;100;Nage Libre;Finale;15,39;49,5;0,6;0,6;0,92;1
197;216;Stan;PIJNENBURG;m;19960101;NED;PAYS-BAS;26;20210321;GFT 2021 MARSEILLE;50;100;Nage Libre;Finale;15,44;49,52;0,6;0,6;0,99;2
198;185;Mehdy;METELLA;m;19920101;FRA;CN MARSEILLE;26;20210321;GFT 2021 MARSEILLE;50;100;Nage Libre;Finale;15,45;49,05;0,6;0,6;0,98;3
199;109;Maxime;GROUSSET;m;19990101;FRA;AMIENS METROPOLE NAT.;26;20210321;GFT 2021 MARSEILLE;50;100;Nage Libre;Finale;15,43;48,85;0,6;0,6;0,97;4
200;189;Clément;MIGNON;m;19930101;FRA;CN MARSEILLE;26;20210321;GFT 2021 MARSEILLE;50;100;Nage Libre;Finale;15,41;48,78;0,6;0,6;1,01;5
201;234;Charles;RIHOUX;m;19980101;FRA;OLYMPIC NICE NATATION;26;20210321;GFT 2021 MARSEILLE;50;100;Nage Libre;Finale;15,43;49,18;0,6;0,6;0,98;6
202;18;Julien;BEROL;m;20010101;FRA;CN MARSEILLE;26;20210321;GFT 2021 MARSEILLE;50;100;Nage Libre;Finale;15,44;49,29;0,6;0,6;0,99;7
203;227;Jesse;PUTS;m;19940101;NED;PAYS-BAS;26;20210321;GFT 2021 MARSEILLE;50;100;Nage Libre;Finale;15,42;49,47;0,6;0,6;1,03;8
309;29;Claire;BOURSE;f;19980101;FRA;CN BREST;27;20210321;GFT 2021 MARSEILLE;50;200;Dos;Finale;7,61;136,49;0,5;0,5;0,68;1
310;168;Pauline;MAHIEU;f;19990101;FRA;CANET 66 NATATION;27;20210321;GFT 2021 MARSEILLE;50;200;Dos;Finale;7,67;136,16;0,5;0,5;0,56;2
311;26;Fanny;BORER;f;19960101;SUI;MULHOUSE ON;27;20210321;GFT 2021 MARSEILLE;50;200;Dos;Finale;7,65;133,1;0,5;0,5;0,64;3
312;272;Kira;TOUSSAINT;f;19940101;NED;PAYS-BAS;27;20210321;GFT 2021 MARSEILLE;50;200;Dos;Finale;7,61;132,06;0,5;0,5;0,6;4
313;221;Anaïs;PODEVIN;f;19970101;FRA;STADE CLERMONT NATATION;27;20210321;GFT 2021 MARSEILLE;50;200;Dos;Finale;7,63;135,97;0,5;0,5;0,62;5
314;147;Simona;KUBOVA;f;19910101;CZE;RÉPUBLIQUE TCHÈQUE;27;20210321;GFT 2021 MARSEILLE;50;200;Dos;Finale;7,53;136,46;0,5;0,5;0,6;6
315;77;Cyrielle;DUHAMEL;f;20000101;FRA;STADE BÉTHUNE PÉLICAN CLUB;27;20210321;GFT 2021 MARSEILLE;50;200;Dos;Finale;7,59;134,14;0,5;0,5;0,63;3
316;191;Mary-Ambre;MOLUH;f;20050101;FRA;U.S CRETEIL NATATION;27;20210321;GFT 2021 MARSEILLE;50;200;Dos;Finale;7,59;142,51;0,5;0,5;0,62;8
317;41;Oceane;CARNEZ;f;20020101;FRA;STADE BÉTHUNE PÉLICAN CLUB;28;20210321;GFT 2021 MARSEILLE;50;200;Nage Libre;Finale;11,55;121,78;0,6;0,6;0,86;1
318;271;Assia;TOUATI;f;19950101;FRA;DAUPHINS TOULOUSE OEC;28;20210321;GFT 2021 MARSEILLE;50;200;Nage Libre;Finale;11,53;120,79;0,6;0,6;0,9;2
319;211;Federica;PELLEGRINI;f;19880101;ITA;CIRCOLO CANOTTIERI ANIENE;28;20210321;GFT 2021 MARSEILLE;50;200;Nage Libre;Finale;11,6;117,64;0,6;0,6;0,87;3
298;25;Charlotte;BONNET;f;19950101;FRA;OLYMPIC NICE NATATION;28;20210321;GFT 2021 MARSEILLE;50;200;Nage Libre;Finale;11,55;116,77;0,6;0,6;0,87;4
320;252;Janja;SEGEL;f;20010101;SLO;SLOVÉNIE;28;20210321;GFT 2021 MARSEILLE;50;200;Nage Libre;Finale;10,13;120,18;0,6;0,6;0,83;5
321;85;Margaux;FABRE;f;19920101;FRA;CANET 66 NATATION;28;20210321;GFT 2021 MARSEILLE;50;200;Nage Libre;Finale;10,15;120,73;0,6;0,6;0,9;6
322;135;Marlene;KAHLER;f;20010101;AUT;AUTRICHE;28;20210321;GFT 2021 MARSEILLE;50;200;Nage Libre;Finale;10,13;125,35;0,6;0,6;0,88;7
323;69;Marjolein;DELNO;f;19940101;NED;PAYS-BAS;28;20210321;GFT 2021 MARSEILLE;50;200;Nage Libre;Finale;10,19;123,03;0,6;0,6;0,88;8
301;4;Paul;ANNOCQUE;m;20030101;FRA;BOURGOGNE-FRANCHE-COMTÉ;29;20210321;GFT 2021 MARSEILLE;50;200;Papillon;Finale;9,58;122,28;0,6;0,6;0,96;1
302;74;Stefanos;DIMITRIADIS;m;19890101;GRE;GRÈCE;29;20210321;GFT 2021 MARSEILLE;50;200;Papillon;Finale;9,67;120,53;0,6;0,6;0,9;2
303;111;Xaver;GSCHWENTNER;m;19990101;AUT;AUTRICHE;29;20210321;GFT 2021 MARSEILLE;50;200;Papillon;Finale;9,55;119,14;0,6;0,6;0,89;3
304;176;Léon;MARCHAND;m;20020101;FRA;DAUPHINS TOULOUSE OEC;29;20210321;GFT 2021 MARSEILLE;50;200;Papillon;Finale;9,61;116,33;0,6;0,6;0,9;4
305;97;Ondrej;GEMOV;m;19990101;CZE;RÉPUBLIQUE TCHÈQUE;29;20210321;GFT 2021 MARSEILLE;50;200;Papillon;Finale;10,26;118,32;0,6;0,6;0,95;5
306;177;Matthias;MARSAU;m;19970101;FRA;DAUPHINS TOULOUSE OEC;29;20210321;GFT 2021 MARSEILLE;50;200;Papillon;Finale;10,29;119,94;0,6;0,6;0,93;6
307;250;Clement;SECCHI;m;20000101;FRA;CN MARSEILLE;29;20210321;GFT 2021 MARSEILLE;50;200;Papillon;Finale;10,24;120,97;0,6;0,6;1,01;7
308;263;Jaouad;SYOUD;m;19990101;ALG;OLYMPIC NICE NATATION;29;20210321;GFT 2021 MARSEILLE;50;200;Papillon;Finale;10,25;119,74;0,6;0,6;0,94;8
338;133;Damien;JOLY;m;19920101;FRA;MONTPELLIER METROPOLE NATATION;30;20210321;GFT 2021 MARSEILLE;50;400;Nage Libre;Finale;8,96;232,66;0,6;0,6;0,89;5
339;230;Danas;RAPSYS;m;19950101;LTU;LITUANIE;30;20210321;GFT 2021 MARSEILLE;50;400;Nage Libre;Finale;8,91;231,01;0,6;0,6;0,9;6
340;222;Noe;PONTI;m;20010101;SUI;NUOTO SPORT LOCARNO;30;20210321;GFT 2021 MARSEILLE;50;400;Nage Libre;Finale;9,05;231,47;0,6;0,6;0,97;7
341;188;Jan;MICKA;m;19950101;CZE;RÉPUBLIQUE TCHÈQUE;30;20210321;GFT 2021 MARSEILLE;50;400;Nage Libre;Finale;8,97;233,53;0,6;0,6;0,92;8
335;86;Thomas;FARGEOT;m;20010101;FRA;DAUPHINS TOULOUSE OEC;30;20210321;GFT 2021 MARSEILLE;50;400;Nage Libre;Finale;12,95;234,81;0,6;0,6;0,94;1
336;239;Guillaume;ROUX;m;20010101;FRA;CANET 66 NATATION;30;20210321;GFT 2021 MARSEILLE;50;400;Nage Libre;Finale;12,94;234,7;0,6;0,6;0,89;2
337;152;Mehdi;LAGILI;m;19970101;TUN;CN ANTIBES;30;20210321;GFT 2021 MARSEILLE;50;400;Nage Libre;Finale;13,01;231,37;0,6;0,6;0,94;3
300;27;Joris;BOUCHAUT;m;19950101;FRA;DAUPHINS TOULOUSE OEC;30;20210321;GFT 2021 MARSEILLE;50;400;Nage Libre;Finale;12,92;228,14;0,6;0,6;0,99;4
294;176;Léon;MARCHAND;m;20020101;FRA;DAUPHINS TOULOUSE OEC;31;20210320;GFT 2021 MARSEILLE;50;400;4 Nages;Finale;23,79;254,97;0,6;0,6;0,92;3
295;182;Emilien;MATTENET;m;20000101;FRA;CHARLEVILLE-MÉZIÈRES NATATION;31;20210320;GFT 2021 MARSEILLE;50;400;4 Nages;Finale;23,82;256,45;0,6;0,6;0,87;4
329;19;Clément;BIDARD;m;20010101;FRA;MULHOUSE ON;31;20210320;GFT 2021 MARSEILLE;50;400;4 Nages;Finale;10,69;262,11;0,6;0,6;1,02;5
330;263;Jaouad;SYOUD;m;19990101;ALG;OLYMPIC NICE NATATION;31;20210320;GFT 2021 MARSEILLE;50;400;4 Nages;Finale;10,69;262,48;0,6;0,6;0,95;6
331;206;Apostolos;PAPASTAMOS;m;20010101;GRE;GRÈCE;31;20210320;GFT 2021 MARSEILLE;50;400;4 Nages;Finale;10,73;262,22;0,6;0,6;0,86;7
327;231;Tom;REMY;m;20020101;FRA;CHARLEVILLE-MÉZIÈRES NATATION;31;20210320;GFT 2021 MARSEILLE;50;400;4 Nages;Finale;10,65;269,25;0,6;0,6;0,93;8
228;280;Nicolas;VERMOREL;m;19990101;FRA;CN MARSEILLE;32;20210319;GFT 2021 MARSEILLE;50;100;Papillon;Series;6,45;53,57;0,6;0,6;0,98;3
231;185;Mehdy;METELLA;m;19920101;FRA;CN MARSEILLE;32;20210319;GFT 2021 MARSEILLE;50;100;Papillon;Series;5,33;52,45;0,6;0,6;0,96;4
232;234;Charles;RIHOUX;m;19980101;FRA;OLYMPIC NICE NATATION;32;20210319;GFT 2021 MARSEILLE;50;100;Papillon;Series;5,31;53,74;0,6;0,6;0,98;8
229;250;Clement;SECCHI;m;20000101;FRA;CN MARSEILLE;32;20210319;GFT 2021 MARSEILLE;50;100;Papillon;Series;4,81;53,51;0,6;0,6;0,98;3
230;56;Sergueï;COMTE;m;20000101;FRA;RC BRON DÉCINES NATATION;32;20210319;GFT 2021 MARSEILLE;50;100;Papillon;Series;4,84;53,53;0,6;0,6;1,02;5
212;168;Pauline;MAHIEU;f;19990101;FRA;CANET 66 NATATION;33;20210320;GFT 2021 MARSEILLE;50;50;Dos;Series;11,51;28,99;0,5;0,5;0,51;3
213;215;Analia;PIGREE;f;20010101;FRA;CANET 66 NATATION;33;20210320;GFT 2021 MARSEILLE;50;50;Dos;Series;7,87;28,6;0,5;0,5;0,62;5
214;191;Mary-Ambre;MOLUH;f;20050101;FRA;U.S CRETEIL NATATION;33;20210320;GFT 2021 MARSEILLE;50;50;Dos;Series;8,73;28,56;0,5;0,5;0,62;3
248;271;Assia;TOUATI;f;19950101;FRA;DAUPHINS TOULOUSE OEC;34;20210320;GFT 2021 MARSEILLE;50;100;Nage Libre;Series;9,21;55,28;0,6;0,6;0,94;1
246;284;Marie;WATTEL;f;19970101;FRA;CN MARSEILLE;34;20210320;GFT 2021 MARSEILLE;50;100;Nage Libre;Series;9,3;53,53;0,6;0,6;0,93;5
245;85;Margaux;FABRE;f;19920101;FRA;CANET 66 NATATION;34;20210320;GFT 2021 MARSEILLE;50;100;Nage Libre;Series;10,42;55,45;0,6;0,6;0,86;2
247;25;Charlotte;BONNET;f;19950101;FRA;OLYMPIC NICE NATATION;34;20210320;GFT 2021 MARSEILLE;50;100;Nage Libre;Series;10,39;53,72;0,6;0,6;0,88;4
221;118;Mélanie;HENIQUE;f;19920101;FRA;CN MARSEILLE;35;20210321;GFT 2021 MARSEILLE;50;50;Nage Libre;Series;8,41;24,79;0,6;0,6;0,98;5
220;284;Marie;WATTEL;f;19970101;FRA;CN MARSEILLE;35;20210321;GFT 2021 MARSEILLE;50;50;Nage Libre;Series;9,06;25,17;0,6;0,6;0,88;3
215;270;Mewen;TOMAC;m;20010101;FRA;AMIENS METROPOLE NAT.;36;20210321;GFT 2021 MARSEILLE;50;50;Dos;Series;7,73;25,11;0,5;0,5;0,58;4
217;202;Maxence;ORANGE;m;19980101;FRA;NANTES NATATION;36;20210321;GFT 2021 MARSEILLE;50;50;Dos;Series;7,63;25,76;0,5;0,5;0,62;3
218;261;Jérémy;STRAVIUS;m;19880101;FRA;ETOILES 92;36;20210321;GFT 2021 MARSEILLE;50;50;Dos;Series;7,59;25,68;0,5;0,5;0,6;5
219;197;Yohann;NDOYE BROUARD;m;20000101;FRA;DAUPHINS D'ANNECY;36;20210321;GFT 2021 MARSEILLE;50;50;Dos;Series;7,56;25,52;0,5;0,5;0,54;5
216;129;Stanislas;HUILLE;m;19990101;FRA;SN VERSAILLES;36;20210321;GFT 2021 MARSEILLE;50;50;Dos;Series;5,59;25,63;0,5;0,5;0,62;5
239;66;Fanny;DEBERGHES;f;19940101;FRA;AAS SARCELLES NATATION 95;37;20210321;GFT 2021 MARSEILLE;50;100;Brasse;Series;9,88;70,39;0,6;0,6;0,93;5
241;95;Solène;GALLEGO;f;19950101;FRA;CANET 66 NATATION;37;20210321;GFT 2021 MARSEILLE;50;100;Brasse;Series;7,07;70,47;0,6;0,6;1;6
240;67;Justine;DELMAS;f;20050101;FRA;CNO ST-GERMAIN-EN-LAYE;37;20210321;GFT 2021 MARSEILLE;50;100;Brasse;Series;6,1;70,51;0,6;0,6;0,86;3
242;281;Antoine;VIQUERAT;m;19980101;FRA;DAUPHINS TOULOUSE OEC;37;20210321;GFT 2021 MARSEILLE;50;100;Brasse;Series;4,41;62,62;0,6;0,6;0,96;3
243;28;Thomas;BOURSAC CERVERA LORTET;m;19990101;FRA;DAUPHINS TOULOUSE OEC;37;20210321;GFT 2021 MARSEILLE;50;100;Brasse;Series;8,11;62,05;0,6;0,6;0,94;6
244;276;Julien;VALOUR;m;20010101;FRA;CN MARSEILLE;37;20210321;GFT 2021 MARSEILLE;50;100;Brasse;Series;8,15;62,47;0,6;0,6;0,98;7
224;233;Lilou;RESSENCOURT;f;20030101;FRA;OLYMPIC NICE NATATION;38;20210321;GFT 2021 MARSEILLE;50;100;Papillon;Series;5,81;60,84;0,6;0,6;0,96;3
225;63;Camille;DAUBA;f;19970101;FRA;CN SARREGUEMINES;38;20210321;GFT 2021 MARSEILLE;50;100;Papillon;Series;8,05;61,13;0,6;0,6;0,88;7
227;284;Marie;WATTEL;f;19970101;FRA;CN MARSEILLE;38;20210321;GFT 2021 MARSEILLE;50;100;Papillon;Series;6,69;59,13;0,6;0,6;0,89;4
226;187;Adelaide;MEUTER;f;20030101;FRA;CNO ST-GERMAIN-EN-LAYE;38;20210321;GFT 2021 MARSEILLE;50;100;Papillon;Series;6,63;60,94;0,6;0,6;0,99;3
260;59;Camille;COTTIER;f;20030101;FRA;CN ANTIBES;39;20210320;GFT 2021 MARSEILLE;50;200;Papillon;Series;5,31;138,53;0,6;0,6;0,8;6
261;87;Anna;FAVE;f;20000101;FRA;CN BREST;39;20210320;GFT 2021 MARSEILLE;50;200;Papillon;Series;5,39;138,75;0,6;0,6;0,86;7
257;233;Lilou;RESSENCOURT;f;20030101;FRA;OLYMPIC NICE NATATION;39;20210320;GFT 2021 MARSEILLE;50;200;Papillon;Series;2,07;133,59;0,6;0,6;0,98;5
258;11;Faustine;BARALE;f;19990101;FRA;GRENOBLE ALP'38;39;20210320;GFT 2021 MARSEILLE;50;200;Papillon;Series;2,05;142,22;0,6;0,6;0,91;6
259;175;Juliette;MARCHAND;f;20010101;FRA;CN ANTIBES;39;20210320;GFT 2021 MARSEILLE;50;200;Papillon;Series;10,09;136,4;0,6;0,6;0,97;2
285;177;Matthias;MARSAU;m;19970101;FRA;DAUPHINS TOULOUSE OEC;40;20210321;GFT 2021 MARSEILLE;50;200;Papillon;Series;5,79;120,62;0,6;0,6;0,94;5
286;4;Paul;ANNOCQUE;m;20030101;FRA;BOURGOGNE-FRANCHE-COMTÉ;40;20210321;GFT 2021 MARSEILLE;50;200;Papillon;Series;5,79;121,85;0,6;0,6;0,98;6
288;176;Léon;MARCHAND;m;20020101;FRA;DAUPHINS TOULOUSE OEC;40;20210321;GFT 2021 MARSEILLE;50;200;Papillon;Series;2,02;117,66;0,6;0,6;0,93;4
287;250;Clement;SECCHI;m;20000101;FRA;CN MARSEILLE;40;20210321;GFT 2021 MARSEILLE;50;200;Papillon;Series;1,94;121,63;0,6;0,6;1,01;3
292;168;Pauline;MAHIEU;f;19990101;FRA;CANET 66 NATATION;41;20210321;GFT 2021 MARSEILLE;50;200;Dos;Series;8,45;136,33;0,5;0,5;0,56;5
293;221;Anaïs;PODEVIN;f;19970101;FRA;STADE CLERMONT NATATION;41;20210321;GFT 2021 MARSEILLE;50;200;Dos;Series;8,43;134,63;0,5;0,5;0,6;6
290;191;Mary-Ambre;MOLUH;f;20050101;FRA;U.S CRETEIL NATATION;41;20210321;GFT 2021 MARSEILLE;50;200;Dos;Series;7,61;139,86;0,5;0,5;0,6;7
289;29;Claire;BOURSE;f;19980101;FRA;CN BREST;41;20210321;GFT 2021 MARSEILLE;50;200;Dos;Series;17,63;138,56;0,5;0,5;0,7;3
291;77;Cyrielle;DUHAMEL;f;20000101;FRA;STADE BÉTHUNE PÉLICAN CLUB;41;20210321;GFT 2021 MARSEILLE;50;200;Dos;Series;9,67;138,35;0,5;0,5;0,64;2
276;28;Thomas;BOURSAC CERVERA LORTET;m;19990101;FRA;DAUPHINS TOULOUSE OEC;42;20210320;GFT 2021 MARSEILLE;50;200;Brasse;Series;3,73;135,38;0,6;0,6;0,96;3
277;174;Antoine;MARC;m;20000101;FRA;MULHOUSE ON;42;20210320;GFT 2021 MARSEILLE;50;200;Brasse;Series;4,42;135,73;0,6;0,6;0,93;3
278;63;Camille;DAUBA;f;19970101;FRA;CN SARREGUEMINES;42;20210320;GFT 2021 MARSEILLE;50;200;Brasse;Series;7,92;149,05;0,6;0,6;0,89;5
279;67;Justine;DELMAS;f;20050101;FRA;CNO ST-GERMAIN-EN-LAYE;42;20210320;GFT 2021 MARSEILLE;50;200;Brasse;Series;7,92;148,19;0,6;0,6;0,83;6
280;66;Fanny;DEBERGHES;f;19940101;FRA;AAS SARCELLES NATATION 95;42;20210320;GFT 2021 MARSEILLE;50;200;Brasse;Series;7,94;149,31;0,6;0,6;0,94;5
256;164;Emmanuel;LIMOZIN;m;19960101;FRA;CN MARSEILLE;43;20210319;GFT 2021 MARSEILLE;50;200;4 Nages;Series;6,38;124,69;0,6;0,6;0,99;6
254;176;Léon;MARCHAND;m;20020101;FRA;DAUPHINS TOULOUSE OEC;43;20210319;GFT 2021 MARSEILLE;50;200;4 Nages;Series;7,29;122,49;0,6;0,6;0,86;5
255;242;Ladislas;SALCZER;m;20000101;FRA;OLYMPIC NICE NATATION;43;20210319;GFT 2021 MARSEILLE;50;200;4 Nages;Series;7,15;124,31;0,6;0,6;0,86;6
253;232;Geoffrey;RENARD;m;19970101;FRA;DAUPHINS TOULOUSE OEC;43;20210319;GFT 2021 MARSEILLE;50;200;4 Nages;Series;18,99;124,31;0,6;0,6;0,9;3
252;19;Clément;BIDARD;m;20010101;FRA;MULHOUSE ON;43;20210319;GFT 2021 MARSEILLE;50;200;4 Nages;Series;4,91;120,73;0,6;0,6;0,98;5
270;269;Camille;TISSANDIE;f;20040101;FRA;CASTRES SPORTS NAUTIQUES;44;20210320;GFT 2021 MARSEILLE;50;200;4 Nages;Series;7,47;139,52;0,6;0,6;0,86;3
271;77;Cyrielle;DUHAMEL;f;20000101;FRA;STADE BÉTHUNE PÉLICAN CLUB;44;20210320;GFT 2021 MARSEILLE;50;200;4 Nages;Series;7,44;135;0,6;0,6;0,85;4
269;98;Rébecca;GENSANE;f;20040101;FRA;LYON NATATION METROPOLE;44;20210320;GFT 2021 MARSEILLE;50;200;4 Nages;Series;7,43;142,22;0,6;0,6;0,9;2
272;92;Meghan;FROUIN;f;20010101;FRA;STADE FRANÇAIS O COURBEVOIE;44;20210320;GFT 2021 MARSEILLE;50;200;4 Nages;Series;7,68;143,3;0,6;0,6;0,97;7
274;245;Hadrien;SALVAN;m;19970101;FRA;STADE DE VANVES;45;20210320;GFT 2021 MARSEILLE;50;200;Nage Libre;Series;7,15;109,33;0,6;0,6;0,91;7
275;265;Enzo;TESIC;m;20000101;FRA;AMIENS METROPOLE NAT.;45;20210320;GFT 2021 MARSEILLE;50;200;Nage Libre;Series;8,99;107,94;0,6;0,6;0,98;6
273;8;Jonathan;ATSU;m;19960101;FRA;DAUPHINS TOULOUSE OEC;45;20210320;GFT 2021 MARSEILLE;50;200;Nage Libre;Series;11,34;109,4;0,6;0,6;0,97;5
281;271;Assia;TOUATI;f;19950101;FRA;DAUPHINS TOULOUSE OEC;46;20210321;GFT 2021 MARSEILLE;50;200;Nage Libre;Series;14,59;121,13;0,6;0,6;0,95;3
283;41;Oceane;CARNEZ;f;20020101;FRA;STADE BÉTHUNE PÉLICAN CLUB;46;20210321;GFT 2021 MARSEILLE;50;200;Nage Libre;Series;6,1;122,65;0,6;0,6;0,85;2
284;25;Charlotte;BONNET;f;19950101;FRA;OLYMPIC NICE NATATION;46;20210321;GFT 2021 MARSEILLE;50;200;Nage Libre;Series;6,09;119,59;0,6;0,6;0,89;4
282;85;Margaux;FABRE;f;19920101;FRA;CANET 66 NATATION;46;20210321;GFT 2021 MARSEILLE;50;200;Nage Libre;Series;10,07;120,68;0,6;0,6;0,89;5
344;266;Lucile;TESSARIOL;f;20040101;FRA;SA MÉRIGNAC;46;20210321;GFT 2021 MARSEILLE;50;200;Nage Libre;Series;7,49;123,73;0,7;0,7;1,02;7
343;266;Lucile;TESSARIOL;f;20040101;FRA;SA MÉRIGNAC;46;20210321;GFT 2021 MARSEILLE;50;200;Nage Libre;Series;8,65;122,8;0,7;0,7;1;2
333;239;Guillaume;ROUX;m;20010101;FRA;CANET 66 NATATION;47;20210321;GFT 2021 MARSEILLE;50;400;Nage Libre;Series;15,64;233,55;0,6;0,6;0,85;2
332;133;Damien;JOLY;m;19920101;FRA;MONTPELLIER METROPOLE NATATION;47;20210321;GFT 2021 MARSEILLE;50;400;Nage Libre;Series;11,16;232,31;0,6;0,6;0,93;2
334;86;Thomas;FARGEOT;m;20010101;FRA;DAUPHINS TOULOUSE OEC;47;20210321;GFT 2021 MARSEILLE;50;400;Nage Libre;Series;4,64;234,71;0,6;0,6;0,99;8
299;27;Joris;BOUCHAUT;m;19950101;FRA;DAUPHINS TOULOUSE OEC;47;20210321;GFT 2021 MARSEILLE;50;400;Nage Libre;Series;6,43;228,88;0,6;0,6;1,02;5
328;19;Clément;BIDARD;m;20010101;FRA;MULHOUSE ON;51;20210320;GFT 2021 MARSEILLE;50;400;4 Nages;Series;10,65;262,1;0,6;0,6;0,98;3
297;176;Léon;MARCHAND;m;20020101;FRA;DAUPHINS TOULOUSE OEC;51;20210320;GFT 2021 MARSEILLE;50;400;4 Nages;Series;10,64;262,59;0,6;0,6;0,89;4
296;182;Emilien;MATTENET;m;20000101;FRA;CHARLEVILLE-MÉZIÈRES NATATION;51;20210320;GFT 2021 MARSEILLE;50;400;4 Nages;Series;8;257,9;0,6;0,6;0,88;5
326;231;Tom;REMY;m;20020101;FRA;CHARLEVILLE-MÉZIÈRES NATATION;51;20210320;GFT 2021 MARSEILLE;50;400;4 Nages;Series;16,33;268,32;0,6;0,6;0,9;2
324;269;Camille;TISSANDIE;f;20040101;FRA;CASTRES SPORTS NAUTIQUES;52;20210319;GFT 2021 MARSEILLE;50;400;4 Nages;Series;6,32;288,56;0,6;0,6;0,87;3
325;269;Camille;TISSANDIE;f;20040101;FRA;CASTRES SPORTS NAUTIQUES;53;20210319;GFT 2021 MARSEILLE;50;400;4 Nages;Finale;13,73;286,46;0,6;0,6;0,91;4
342;2;Paul;ALVES TORRES;m;20030101;FRA;CN MARSEILLE;54;20140101;GFT 2021 MARSEILLE;50;400;4 Nages;Finale;0;-1;-1;-1;-1;-1
