analyses.id;nageurs.id;prenom;nageurs.nom;sexe;anneeDeNaissance;nationalite;club;dateCourse;competitions.nom;distances.libelle;styles.libelle;rounds.libelle;tpsDebutCourse;tpsFinal;tpsReaction;tpsDecollagePieds;tpsVol;couloir
1;15;Mélanie;HENIQUE;f;19920101;FRA;CN MARSEILLE;20210517;CE 2021 BUDAPEST;50;Nage Libre;Series;7.24;24.89;0.59;0.59;0.95;3
2;23;Yohann;NDOYE BROUARD;m;20000101;FRA;DAUPHINS D'ANNECY;20210517;CE 2021 BUDAPEST;50;Dos;Series;9.79;24.96;0.62;0.62;0.68;3
3;26;Maxence;ORANGE;m;19980101;FRA;NANTES NATATION;20210517;CE 2021 BUDAPEST;50;Dos;Series;16.25;25.93;0.6;0.6;0.7;0
12;35;Kliment;KOLESNIKOV;m;20000709;RUS;;20210517;CE 2021 BUDAPEST;50;Dos;Series;0.8;24.23;0.69;0.69;0.77;4
9;7;Theo;BUSSIERE;m;19950101;FRA;CN MARSEILLE;20210517;CE 2021 BUDAPEST;100;Brasse;Series;14.24;61.4;0.69;0.69;1.08;7
10;33;Antoine;VIQUERAT;m;19980101;FRA;DAUPHINS TOULOUSE OEC;20210517;CE 2021 BUDAPEST;100;Brasse;Series;17.73;61.43;0.72;0.72;1.12;2
4;34;Marie;WATTEL;f;19970101;FRA;CN MARSEILLE;20210517;CE 2021 BUDAPEST;100;Papillon;Series;7.5;57.69;0.69;0.69;0.99;4
7;32;Assia;TOUATI;f;19950101;FRA;DAUPHINS TOULOUSE OEC;20210517;CE 2021 BUDAPEST;4x100;Nage Libre;Series;123.73;54.74;0.28;0.28;0.66;2
5;5;Charlotte;BONNET;f;19950101;FRA;OLYMPIC NICE NATATION;20210517;CE 2021 BUDAPEST;4x100;Nage Libre;Series;14.28;53.93;0.77;0.77;1.03;2
6;24;Lison;NOWACZYK;f;20030101;FRA;STADE BÉTHUNE PÉLICAN CLUB;20210517;CE 2021 BUDAPEST;4x100;Nage Libre;Series;68.24;55.51;0.49;0.49;0.73;2
8;20;Anouchka;MARTIN;f;19930101;FRA;CN MARSEILLE;20210517;CE 2021 BUDAPEST;4x100;Nage Libre;Series;178.45;55.07;0.26;0.26;0.66;2
11;6;Joris;BOUCHAUT;m;19950101;FRA;DAUPHINS TOULOUSE OEC;20210517;CE 2021 BUDAPEST;400;Nage Libre;Series;23.93;230.48;0.7;0.7;1.04;1
13;15;Mélanie;HENIQUE;f;19920101;FRA;CN MARSEILLE;20210517;CE 2021 BUDAPEST;50;Nage Libre;Demi-finale;19.99;25.08;0.58;0.58;0.94;2
14;23;Yohann;NDOYE BROUARD;m;20000101;FRA;DAUPHINS D'ANNECY;20210517;CE 2021 BUDAPEST;50;Dos;Demi-finale;9.09;25.11;0.62;0.62;0.69;3
15;34;Marie;WATTEL;f;19970101;FRA;CN MARSEILLE;20210517;CE 2021 BUDAPEST;100;Papillon;Demi-finale;10.39;57.48;0.7;0.7;0.96;4
16;34;Marie;WATTEL;f;19970101;FRA;CN MARSEILLE;20210517;CE 2021 BUDAPEST;4x100;Nage Libre;Finale;10.83;53.97;0.68;0.68;0.96;6
17;5;Charlotte;BONNET;f;19950101;FRA;OLYMPIC NICE NATATION;20210517;CE 2021 BUDAPEST;4x100;Nage Libre;Finale;64.82;53.36;0.21;0.21;0.53;6
19;32;Assia;TOUATI;f;19950101;FRA;DAUPHINS TOULOUSE OEC;20210517;CE 2021 BUDAPEST;4x100;Nage Libre;Finale;172.45;54.34;0.19;0.19;0.52;6
18;20;Anouchka;MARTIN;f;19930101;FRA;CN MARSEILLE;20210517;CE 2021 BUDAPEST;4x100;Nage Libre;Finale;118.18;54.25;0.03;0.03;0.47;6
21;3;Julien;BEROL;m;20010101;FRA;CN MARSEILLE;20210518;CE 2021 BUDAPEST;100;Nage Libre;Series;13.81;49.35;0.59;0.59;1;6
20;14;Maxime;GROUSSET;m;19990101;FRA;AMIENS METROPOLE NAT.;20210518;CE 2021 BUDAPEST;100;Nage Libre;Series;12.86;48.36;0.69;0.69;1.01;2
22;28;Charles;RIHOUX;m;19980101;FRA;OLYMPIC NICE NATATION;20210518;CE 2021 BUDAPEST;100;Nage Libre;Series;18.56;49.04;0.73;0.73;1.05;2
303;217;David;POPOVICI;m;20040915;ROU;;20210518;CE 2021 BUDAPEST;100;Nage Libre;Series;11.59;48.3;0.66;0.66;1;5
23;19;Léon;MARCHAND;m;20020101;FRA;DAUPHINS TOULOUSE OEC;20210518;CE 2021 BUDAPEST;200;Papillon;Series;10.95;116.33;0.65;0.65;0.96;6
24;17;Damien;JOLY;m;19920101;FRA;MONTPELLIER METROPOLE NATATION;20210518;CE 2021 BUDAPEST;1500;Nage Libre;Series;12.92;896.09;0.69;0.69;1.01;7
25;14;Maxime;GROUSSET;m;19990101;FRA;AMIENS METROPOLE NAT.;20210518;CE 2021 BUDAPEST;100;Nage Libre;Demi-finale;3.32;48.09;0.64;0.64;0.99;3
302;217;David;POPOVICI;m;20040915;ROU;;20210518;CE 2021 BUDAPEST;100;Nage Libre;Demi-finale;6.47;48.28;0.65;0.65;0.98;3
26;34;Marie;WATTEL;f;19970101;FRA;CN MARSEILLE;20210518;CE 2021 BUDAPEST;100;Papillon;Finale;11.83;57.37;0.7;0.7;1.01;5
178;234;Anastasiya;SHKURDAI;f;20030103;BLR;;20210518;CE 2021 BUDAPEST;100;Papillon;Finale;25.48;58.1;0.64;0.64;0.93;1
185;204;Arina;SURKOVA;f;19980717;RUS;;20210518;CE 2021 BUDAPEST;100;Papillon;Finale;4.98;58.21;0.79;0.79;1.04;2
180;235;Svetlana;CHIMROVA;f;19960415;RUS;;20210518;CE 2021 BUDAPEST;100;Papillon;Finale;5.86;57.65;0.69;0.69;0.95;3
181;236;Louise;HANSSON;f;19961124;SWE;;20210518;CE 2021 BUDAPEST;100;Papillon;Finale;11.26;57.56;0.69;0.69;0.95;4
182;201;Anna;NTOUNTOUNAKI;f;19950909;GRE;;20210518;CE 2021 BUDAPEST;100;Papillon;Finale;9.48;57.37;0.63;0.63;0.9;6
183;237;Elena;DI LIDDO;f;19930908;ITA;;20210518;CE 2021 BUDAPEST;100;Papillon;Finale;13.64;58.05;0.65;0.65;0.88;7
184;238;Ilaria;BIANCHI;f;19900106;ITA;;20210518;CE 2021 BUDAPEST;100;Papillon;Finale;5.52;58.41;0.71;0.71;1.01;8
27;19;Léon;MARCHAND;m;20020101;FRA;DAUPHINS TOULOUSE OEC;20210518;CE 2021 BUDAPEST;200;Papillon;Demi-finale;7.1;117.77;0.65;0.65;0.97;6
28;4;Clément;BIDARD;m;20010101;FRA;MULHOUSE ON;20210519;CE 2021 BUDAPEST;200;4 Nages;Series;7.06;122.29;0.71;0.71;1.1;8
31;5;Charlotte;BONNET;f;19950101;FRA;OLYMPIC NICE NATATION;20210519;CE 2021 BUDAPEST;200;Nage Libre;Series;7.57;118.33;0.68;0.68;0.94;4
37;32;Assia;TOUATI;f;19950101;FRA;DAUPHINS TOULOUSE OEC;20210519;CE 2021 BUDAPEST;200;Nage Libre;Series;3;120.99;0.64;0.64;0.91;0
29;23;Yohann;NDOYE BROUARD;m;20000101;FRA;DAUPHINS D'ANNECY;20210519;CE 2021 BUDAPEST;100;Dos;Series;12.61;53.24;0.72;0.72;0.78;5
32;26;Maxence;ORANGE;m;19980101;FRA;NANTES NATATION;20210519;CE 2021 BUDAPEST;100;Dos;Series;13.25;54.9;0.62;0.62;0.74;0
30;31;Mewen;TOMAC;m;20010101;FRA;AMIENS METROPOLE NAT.;20210519;CE 2021 BUDAPEST;100;Dos;Series;9.5;53.46;0.57;0.57;0.67;5
33;1;Jonathan;ATSU;m;19960101;FRA;DAUPHINS TOULOUSE OEC;20210519;CE 2021 BUDAPEST;4x200;Nage Libre;Series;9.91;108.26;0.66;0.66;1;5
34;29;Enzo;TESIC;m;20000101;FRA;AMIENS METROPOLE NAT.;20210519;CE 2021 BUDAPEST;4x200;Nage Libre;Series;118.17;106.87;0.08;0.08;0.48;5
35;13;Roman;FUCHS;m;19980101;FRA;AMIENS METROPOLE NAT.;20210519;CE 2021 BUDAPEST;4x200;Nage Libre;Series;225.03;108.97;0;0;0.42;5
36;27;Jordan;POTHAIN;m;19940101;FRA;OLYMPIC NICE NATATION;20210519;CE 2021 BUDAPEST;4x200;Nage Libre;Series;334;106.34;0.33;0.33;0.73;5
38;19;Léon;MARCHAND;m;20020101;FRA;DAUPHINS TOULOUSE OEC;20210519;CE 2021 BUDAPEST;200;Brasse;Series;5.47;133.4;0.68;0.68;1.02;8
39;33;Antoine;VIQUERAT;m;19980101;FRA;DAUPHINS TOULOUSE OEC;20210519;CE 2021 BUDAPEST;200;Brasse;Series;7.24;132.82;0.66;0.66;0.99;8
40;14;Maxime;GROUSSET;m;19990101;FRA;AMIENS METROPOLE NAT.;20210519;CE 2021 BUDAPEST;100;Nage Libre;Finale;15.33;47.9;0.7;0.7;1.04;2
193;217;David;POPOVICI;m;20040915;ROU;;20210519;CE 2021 BUDAPEST;100;Nage Libre;Finale;7.05;48.08;0.68;0.68;0.98;1
194;35;Kliment;KOLESNIKOV;m;20000709;RUS;;20210519;CE 2021 BUDAPEST;100;Nage Libre;Finale;9.1;47.37;0.63;0.63;0.95;3
195;218;Alessandro;MIRESSI;m;19981002;ITA;;20210519;CE 2021 BUDAPEST;100;Nage Libre;Finale;15.23;47.45;0.7;0.7;1.04;4
196;209;Andrei;MINAKOV;m;20020317;RUS;;20210519;CE 2021 BUDAPEST;100;Nage Libre;Finale;9.25;47.74;0.63;0.63;0.99;5
197;219;Nandor;NEMETH;m;19991119;HUN;;20210519;CE 2021 BUDAPEST;100;Nage Libre;Finale;14.24;47.84;0.61;0.61;0.95;6
198;220;Roman;MITYUKOV;m;20000730;SUI;;20210519;CE 2021 BUDAPEST;100;Nage Libre;Finale;15.56;48.47;0.55;0.55;0.9;7
199;221;Thomas;DEAN;m;20000502;GBR;;20210519;CE 2021 BUDAPEST;100;Nage Libre;Finale;8.39;48.3;0.66;0.66;0.99;8
41;23;Yohann;NDOYE BROUARD;m;20000101;FRA;DAUPHINS D'ANNECY;20210519;CE 2021 BUDAPEST;100;Dos;Demi-finale;16.62;53.01;0.71;0.71;0.77;4
42;31;Mewen;TOMAC;m;20010101;FRA;AMIENS METROPOLE NAT.;20210519;CE 2021 BUDAPEST;100;Dos;Demi-finale;15.79;52.86;0.61;0.61;0.7;6
43;5;Charlotte;BONNET;f;19950101;FRA;OLYMPIC NICE NATATION;20210519;CE 2021 BUDAPEST;200;Nage Libre;Demi-finale;14.25;117.3;0.7;0.7;0.96;4
44;27;Jordan;POTHAIN;m;19940101;FRA;OLYMPIC NICE NATATION;20210519;CE 2021 BUDAPEST;4x200;Nage Libre;Finale;20.65;106.91;0.64;0.64;0.96;6
45;29;Enzo;TESIC;m;20000101;FRA;AMIENS METROPOLE NAT.;20210519;CE 2021 BUDAPEST;4x200;Nage Libre;Finale;127.57;106.88;0.14;0.14;0.58;6
46;31;Mewen;TOMAC;m;20010101;FRA;AMIENS METROPOLE NAT.;20210519;CE 2021 BUDAPEST;4x200;Nage Libre;Finale;234.39;106.96;0.32;0.32;0.63;6
47;1;Jonathan;ATSU;m;19960101;FRA;DAUPHINS TOULOUSE OEC;20210519;CE 2021 BUDAPEST;4x200;Nage Libre;Finale;341.4;106.49;0.13;0.13;0.54;6
49;1;Jonathan;ATSU;m;19960101;FRA;DAUPHINS TOULOUSE OEC;20210520;CE 2021 BUDAPEST;200;Nage Libre;Series;9.77;107.84;0.68;0.68;1;0
58;13;Roman;FUCHS;m;19980101;FRA;AMIENS METROPOLE NAT.;20210520;CE 2021 BUDAPEST;200;Nage Libre;Series;13.28;110.41;0.65;0.65;1.03;7
48;27;Jordan;POTHAIN;m;19940101;FRA;OLYMPIC NICE NATATION;20210520;CE 2021 BUDAPEST;200;Nage Libre;Series;0.15;107.44;0.65;0.65;0.96;8
57;29;Enzo;TESIC;m;20000101;FRA;AMIENS METROPOLE NAT.;20210520;CE 2021 BUDAPEST;200;Nage Libre;Series;3.43;108.47;0.7;0.7;1.06;4
50;14;Maxime;GROUSSET;m;19990101;FRA;AMIENS METROPOLE NAT.;20210520;CE 2021 BUDAPEST;50;Papillon;Series;13.36;23.41;0.63;0.63;0.97;6
52;18;Florent;MANAUDOU;m;19900101;FRA;CN MARSEILLE;20210520;CE 2021 BUDAPEST;50;Papillon;Series;18.13;23.54;0.68;0.68;1.12;1
53;23;Yohann;NDOYE BROUARD;m;20000101;FRA;DAUPHINS D'ANNECY;20210520;CE 2021 BUDAPEST;4x100;4 Nages;Series;4.99;53.64;0.68;0.68;0.74;4
54;7;Theo;BUSSIERE;m;19950101;FRA;CN MARSEILLE;20210520;CE 2021 BUDAPEST;4x100;4 Nages;Series;58.74;59.97;0.09;0.09;0.43;4
55;34;Marie;WATTEL;f;19970101;FRA;CN MARSEILLE;20210520;CE 2021 BUDAPEST;4x100;4 Nages;Series;118.71;57.83;0.24;0.24;0.53;4
56;32;Assia;TOUATI;f;19950101;FRA;DAUPHINS TOULOUSE OEC;20210520;CE 2021 BUDAPEST;4x100;4 Nages;Series;176.56;54.95;0.27;0.27;0.59;4
59;23;Yohann;NDOYE BROUARD;m;20000101;FRA;DAUPHINS D'ANNECY;20210520;CE 2021 BUDAPEST;100;Dos;Finale;19.31;52.97;0.68;0.68;0.74;6
60;31;Mewen;TOMAC;m;20010101;FRA;AMIENS METROPOLE NAT.;20210520;CE 2021 BUDAPEST;100;Dos;Finale;21.35;53;0.6;0.6;0.68;5
208;208;Thomas;CECCON;m;20010127;ITA;;20210520;CE 2021 BUDAPEST;100;Dos;Finale;15.67;53.02;0.64;0.64;0.68;1
209;37;Hugo;GONZALEZ DE OLIVEIRA;m;19990219;ESP;;20210520;CE 2021 BUDAPEST;100;Dos;Finale;13.83;52.9;0.57;0.57;0.68;2
210;36;Robert-Andrei;GLINTA;m;19970418;ROU;;20210520;CE 2021 BUDAPEST;100;Dos;Finale;10.09;52.88;0.58;0.58;0.66;3
211;38;Apostolos;CHRISTOU;m;19961101;GRE;;20210520;CE 2021 BUDAPEST;100;Dos;Finale;14.74;52.97;0.59;0.59;0.68;4
212;246;Evgeny;RYLOV;m;19960923;RUS;;20210520;CE 2021 BUDAPEST;100;Dos;Finale;16.89;53.51;0.54;0.54;0.74;7
213;247;Luke;GREENBANK;m;19970917;GBR;;20210520;CE 2021 BUDAPEST;100;Dos;Finale;6.74;53.34;0.55;0.55;0.63;8
64;1;Jonathan;ATSU;m;19960101;FRA;DAUPHINS TOULOUSE OEC;20210520;CE 2021 BUDAPEST;200;Nage Libre;Demi-finale;17.75;108.07;0.68;0.68;1;0
63;27;Jordan;POTHAIN;m;19940101;FRA;OLYMPIC NICE NATATION;20210520;CE 2021 BUDAPEST;200;Nage Libre;Demi-finale;9.01;107.6;0.64;0.64;1.01;6
62;14;Maxime;GROUSSET;m;19990101;FRA;AMIENS METROPOLE NAT.;20210520;CE 2021 BUDAPEST;50;Papillon;Demi-finale;4.45;23.39;0.66;0.66;1.01;3
61;18;Florent;MANAUDOU;m;19900101;FRA;CN MARSEILLE;20210520;CE 2021 BUDAPEST;50;Papillon;Demi-finale;18.74;23.41;0.65;0.65;1.08;1
65;5;Charlotte;BONNET;f;19950101;FRA;OLYMPIC NICE NATATION;20210520;CE 2021 BUDAPEST;200;Nage Libre;Finale;14.51;116.55;0.7;0.7;0.95;5
247;50;Barbora;SEEMANOVA;f;20000401;CZE;;20210520;CE 2021 BUDAPEST;200;Nage Libre;Finale;14.45;116.27;0.63;0.63;0.94;4
66;34;Marie;WATTEL;f;19970101;FRA;CN MARSEILLE;20210521;CE 2021 BUDAPEST;100;Nage Libre;Series;4.69;54.07;0.67;0.67;0.94;5
67;7;Theo;BUSSIERE;m;19950101;FRA;CN MARSEILLE;20210521;CE 2021 BUDAPEST;50;Brasse;Series;17.37;27.95;0.67;0.67;1;1
68;11;Cyrielle;DUHAMEL;f;20000101;FRA;STADE BÉTHUNE PÉLICAN CLUB;20210521;CE 2021 BUDAPEST;200;4 Nages;Series;9.6;132.35;0.69;0.69;0.97;2
69;16;Antoine;HERLEM;m;19990101;FRA;DAUPHINS TOULOUSE OEC;20210521;CE 2021 BUDAPEST;200;Dos;Series;11.16;116.42;0.59;0.59;0.71;1
70;23;Yohann;NDOYE BROUARD;m;20000101;FRA;DAUPHINS D'ANNECY;20210521;CE 2021 BUDAPEST;200;Dos;Series;8.52;117.7;0.65;0.65;0.72;4
71;31;Mewen;TOMAC;m;20010101;FRA;AMIENS METROPOLE NAT.;20210521;CE 2021 BUDAPEST;200;Dos;Series;16.08;120.63;0.65;0.65;0.73;7
72;12;Margaux;FABRE;f;19920101;FRA;CANET 66 NATATION;20210521;CE 2021 BUDAPEST;4x200;Nage Libre;Series;5.04;121.86;0.69;0.69;0.97;5
73;8;Oceane;CARNEZ;f;20020101;FRA;STADE BÉTHUNE PÉLICAN CLUB;20210521;CE 2021 BUDAPEST;4x200;Nage Libre;Series;126.83;120.04;0.56;0.56;0.78;5
74;30;Lucile;TESSARIOL;f;20040101;FRA;SA MÉRIGNAC;20210521;CE 2021 BUDAPEST;4x200;Nage Libre;Series;246.94;121.92;0.56;0.56;0.85;5
75;32;Assia;TOUATI;f;19950101;FRA;DAUPHINS TOULOUSE OEC;20210521;CE 2021 BUDAPEST;4x200;Nage Libre;Series;368.84;119.54;0.21;0.21;0.49;5
76;6;Joris;BOUCHAUT;m;19950101;FRA;DAUPHINS TOULOUSE OEC;20210521;CE 2021 BUDAPEST;800;Nage Libre;Series;11.21;473.07;0.68;0.68;1.08;5
77;16;Antoine;HERLEM;m;19990101;FRA;DAUPHINS TOULOUSE OEC;20210521;CE 2021 BUDAPEST;200;Dos;Demi-finale;24.48;116.63;0.59;0.59;0.71;5
78;23;Yohann;NDOYE BROUARD;m;20000101;FRA;DAUPHINS D'ANNECY;20210521;CE 2021 BUDAPEST;200;Dos;Demi-finale;16.28;117.06;0.66;0.66;0.71;6
79;34;Marie;WATTEL;f;19970101;FRA;CN MARSEILLE;20210521;CE 2021 BUDAPEST;100;Nage Libre;Demi-finale;17.92;53.34;0.68;0.68;0.93;5
80;11;Cyrielle;DUHAMEL;f;20000101;FRA;STADE BÉTHUNE PÉLICAN CLUB;20210521;CE 2021 BUDAPEST;200;4 Nages;Demi-finale;8.12;132.12;0.71;0.71;1;3
81;5;Charlotte;BONNET;f;19950101;FRA;OLYMPIC NICE NATATION;20210521;CE 2021 BUDAPEST;4x200;Nage Libre;Finale;3.88;117.31;0.68;0.68;0.94;8
83;30;Lucile;TESSARIOL;f;20040101;FRA;SA MÉRIGNAC;20210521;CE 2021 BUDAPEST;4x200;Nage Libre;Finale;242.65;120.61;0.4;0.4;0.7;8
82;8;Oceane;CARNEZ;f;20020101;FRA;STADE BÉTHUNE PÉLICAN CLUB;20210521;CE 2021 BUDAPEST;4x200;Nage Libre;Finale;121.19;121.47;0.43;0.43;0.62;8
84;32;Assia;TOUATI;f;19950101;FRA;DAUPHINS TOULOUSE OEC;20210521;CE 2021 BUDAPEST;4x200;Nage Libre;Finale;363.27;120.06;0.36;0.36;0.72;8
85;18;Florent;MANAUDOU;m;19900101;FRA;CN MARSEILLE;20210522;CE 2021 BUDAPEST;50;Nage Libre;Series;8.84;21.86;0.67;0.67;1.04;0
86;14;Maxime;GROUSSET;m;19990101;FRA;AMIENS METROPOLE NAT.;20210522;CE 2021 BUDAPEST;50;Nage Libre;Series;5.61;22.19;0.63;0.63;0.94;3
87;15;Mélanie;HENIQUE;f;19920101;FRA;CN MARSEILLE;20210522;CE 2021 BUDAPEST;50;Papillon;Series;3.52;25.3;0.59;0.59;0.94;4
88;34;Marie;WATTEL;f;19970101;FRA;CN MARSEILLE;20210522;CE 2021 BUDAPEST;50;Papillon;Series;20.39;26.35;0.68;0.68;0.91;5
90;10;Justine;DELMAS;f;20050101;FRA;CNO ST-GERMAIN-EN-LAYE;20210522;CE 2021 BUDAPEST;50;Brasse;Series;12.78;32.23;0.76;0.76;0.99;1
89;22;Mehdy;METELLA;m;19920101;FRA;CN MARSEILLE;20210522;CE 2021 BUDAPEST;100;Papillon;Series;6.9;52.31;0.7;0.7;1.04;4
91;34;Marie;WATTEL;f;19970101;FRA;CN MARSEILLE;20210522;CE 2021 BUDAPEST;100;Nage Libre;Finale;10.33;53.32;0.69;0.69;0.96;4
186;215;Freya;ANDERSON;f;20010304;GBR;;20210522;CE 2021 BUDAPEST;100;Nage Libre;Finale;29.11;53.56;0.72;0.72;0.98;1
187;216;Signe;BRO;f;19990305;DEN;;20210522;CE 2021 BUDAPEST;100;Nage Libre;Finale;5.89;53.69;0.72;0.72;0.96;2
188;43;Ranomi;KROMOWIDJOJO;f;19900820;NED;;20210522;CE 2021 BUDAPEST;100;Nage Libre;Finale;8.87;53.44;0.68;0.68;0.94;3
189;47;Femke;HEEMSKERK;f;19870921;NED;;20210522;CE 2021 BUDAPEST;100;Nage Libre;Finale;3.19;53.05;0.72;0.72;0.92;5
190;50;Barbora;SEEMANOVA;f;20000401;CZE;;20210522;CE 2021 BUDAPEST;100;Nage Libre;Finale;14.56;53.74;0.62;0.62;0.89;6
191;48;Anna;HOPKIN;f;19960424;GBR;;20210522;CE 2021 BUDAPEST;100;Nage Libre;Finale;14.46;53.43;0.67;0.67;0.97;7
192;49;Michelle;COLEMAN;f;19931031;SWE;;20210522;CE 2021 BUDAPEST;100;Nage Libre;Finale;4.37;54.15;0.68;0.68;1.02;8
93;14;Maxime;GROUSSET;m;19990101;FRA;AMIENS METROPOLE NAT.;20210522;CE 2021 BUDAPEST;50;Nage Libre;Demi-finale;23.04;21.95;0.6;0.6;0.93;1
92;18;Florent;MANAUDOU;m;19900101;FRA;CN MARSEILLE;20210522;CE 2021 BUDAPEST;50;Nage Libre;Demi-finale;13.7;21.67;0.63;0.63;1.03;4
94;15;Mélanie;HENIQUE;f;19920101;FRA;CN MARSEILLE;20210522;CE 2021 BUDAPEST;50;Papillon;Demi-finale;14.06;25.53;0.61;0.61;0.96;4
95;34;Marie;WATTEL;f;19970101;FRA;CN MARSEILLE;20210522;CE 2021 BUDAPEST;50;Papillon;Demi-finale;14.65;26.07;0.66;0.66;0.92;7
96;16;Antoine;HERLEM;m;19990101;FRA;DAUPHINS TOULOUSE OEC;20210522;CE 2021 BUDAPEST;200;Dos;Finale;17.14;118.64;0.59;0.59;0.69;8
97;23;Yohann;NDOYE BROUARD;m;20000101;FRA;DAUPHINS D'ANNECY;20210522;CE 2021 BUDAPEST;200;Dos;Finale;20.98;116.37;0.61;0.61;0.69;7
230;256;Jakub;SKIERKA;m;19981004;POL;;20210522;CE 2021 BUDAPEST;200;Dos;Finale;12.44;118.56;0.62;0.62;0.73;1
231;257;Adam;TELEGDY;m;19951101;HUN;;20210522;CE 2021 BUDAPEST;200;Dos;Finale;10.55;116.67;0.67;0.67;0.73;3
232;247;Luke;GREENBANK;m;19970917;GBR;;20210522;CE 2021 BUDAPEST;200;Dos;Finale;13.33;114.62;0.58;0.58;0.71;4
233;246;Evgeny;RYLOV;m;19960923;RUS;;20210522;CE 2021 BUDAPEST;200;Dos;Finale;24.54;114.46;0.53;0.53;0.76;5
234;220;Roman;MITYUKOV;m;20000730;SUI;;20210522;CE 2021 BUDAPEST;200;Dos;Finale;20.93;116.33;0.52;0.52;0.62;6
235;258;Radoslaw;KAWECKI;m;19910816;POL;;20210522;CE 2021 BUDAPEST;200;Dos;Finale;8.01;117.05;0.66;0.66;0.78;8
98;11;Cyrielle;DUHAMEL;f;20000101;FRA;STADE BÉTHUNE PÉLICAN CLUB;20210522;CE 2021 BUDAPEST;200;4 Nages;Finale;17.91;133.22;0.68;0.68;0.94;1
259;287;Abbie;WOOD;f;19990302;GBR;;20210522;CE 2021 BUDAPEST;200;4 Nages;Finale;12.45;130.03;0.68;0.68;0.92;2
260;288;Ilaria;CUSINATO;f;19991005;ITA;;20210522;CE 2021 BUDAPEST;200;4 Nages;Finale;4.52;131.7;0.71;0.71;1.01;3
261;289;Anastasia;GORBENKO;f;20030807;ISR;;20210522;CE 2021 BUDAPEST;200;4 Nages;Finale;14.32;129.99;0.71;0.71;1.07;4
262;290;Katinka;HOSSZU;f;19890503;HUN;;20210522;CE 2021 BUDAPEST;200;4 Nages;Finale;14.8;130.12;0.68;0.68;1.03;5
263;291;Maria;UGOLKOVA;f;19890718;SUI;;20210522;CE 2021 BUDAPEST;200;4 Nages;Finale;6.74;130.76;0.63;0.63;0.98;6
264;292;Sara;FRANCESCHI;f;19990201;ITA;;20210522;CE 2021 BUDAPEST;200;4 Nages;Finale;14.15;130.65;0.72;0.72;0.98;7
265;293;Dalma;SEBESTYEN;f;19970123;HUN;;20210522;CE 2021 BUDAPEST;200;4 Nages;Finale;5.47;132.42;0.72;0.72;1;8
99;21;Emilien;MATTENET;m;20000101;FRA;CHARLEVILLE-MÉZIÈRES NATATION;20210523;CE 2021 BUDAPEST;400;4 Nages;Series;10.2;262.07;0.74;0.74;0.99;8
100;23;Yohann;NDOYE BROUARD;m;20000101;FRA;DAUPHINS D'ANNECY;20210523;CE 2021 BUDAPEST;4x100;4 Nages;Series;20.16;52.96;0.61;0.61;0.67;7
101;7;Theo;BUSSIERE;m;19950101;FRA;CN MARSEILLE;20210523;CE 2021 BUDAPEST;4x100;4 Nages;Series;73.17;60.3;0.18;0.18;0.52;7
102;22;Mehdy;METELLA;m;19920101;FRA;CN MARSEILLE;20210523;CE 2021 BUDAPEST;4x100;4 Nages;Series;133.49;51.26;0.2;0.2;0.59;7
103;14;Maxime;GROUSSET;m;19990101;FRA;AMIENS METROPOLE NAT.;20210523;CE 2021 BUDAPEST;4x100;4 Nages;Series;184.71;47.98;0.22;0.22;0.67;7
104;9;Mathilde;CINI;f;19940101;FRA;VALENCE TRIATHLON;20210523;CE 2021 BUDAPEST;4x100;4 Nages;Series;7.39;61.27;0.62;0.62;0.76;8
105;10;Justine;DELMAS;f;20050101;FRA;CNO ST-GERMAIN-EN-LAYE;20210523;CE 2021 BUDAPEST;4x100;4 Nages;Series;68.63;68.22;0.22;0.22;0.47;8
106;34;Marie;WATTEL;f;19970101;FRA;CN MARSEILLE;20210523;CE 2021 BUDAPEST;4x100;4 Nages;Series;136.84;58.2;0.27;0.27;0.55;8
107;32;Assia;TOUATI;f;19950101;FRA;DAUPHINS TOULOUSE OEC;20210523;CE 2021 BUDAPEST;4x100;4 Nages;Series;195.08;54.74;0.03;0.03;0.39;8
108;6;Joris;BOUCHAUT;m;19950101;FRA;DAUPHINS TOULOUSE OEC;20210522;CE 2021 BUDAPEST;800;Nage Libre;Finale;6.81;472.85;0.7;0.7;1.12;8
111;14;Maxime;GROUSSET;m;19990101;FRA;AMIENS METROPOLE NAT.;20210523;CE 2021 BUDAPEST;50;Nage Libre;Finale;14.05;22.02;0.68;0.68;1.01;8
109;18;Florent;MANAUDOU;m;19900101;FRA;CN MARSEILLE;20210523;CE 2021 BUDAPEST;50;Nage Libre;Finale;19.02;21.81;0.61;0.61;1.01;5
173;230;Benjamin;PROUD;m;19940921;GBR;;20210523;CE 2021 BUDAPEST;50;Nage Libre;Finale;16.49;21.69;0.58;0.58;0.94;2
174;231;Ari-Pekka;LIUKKONEN;m;19890209;FIN;;20210523;CE 2021 BUDAPEST;50;Nage Libre;Finale;11.55;21.61;0.64;0.64;0.92;3
175;232;Kristian;GKOLOMEEV;m;19930704;GRE;;20210523;CE 2021 BUDAPEST;50;Nage Libre;Finale;16.96;21.73;0.65;0.65;0.97;4
176;233;Thom;DE BOER;m;19911224;NED;;20210523;CE 2021 BUDAPEST;50;Nage Libre;Finale;15.93;21.8;0.62;0.62;1.02;6
177;218;Alessandro;MIRESSI;m;19981002;ITA;;20210523;CE 2021 BUDAPEST;50;Nage Libre;Finale;17.19;22.19;0.68;0.68;0.97;7
172;229;Lorenzo;ZAZZERI;m;19940809;ITA;;20210523;CE 2021 BUDAPEST;50;Nage Libre;Finale;9.22;21.92;0.61;0.61;0.97;1
110;15;Mélanie;HENIQUE;f;19920101;FRA;CN MARSEILLE;20210523;CE 2021 BUDAPEST;50;Papillon;Finale;13.47;25.46;0.58;0.58;0.92;4
139;206;Sara;JUNEVIK;f;20000214;SWE;;20210523;CE 2021 BUDAPEST;50;Papillon;Finale;7.94;25.84;0.72;0.72;1.01;8
138;205;Jeanette;OTTESEN;f;19871230;DEN;;20210523;CE 2021 BUDAPEST;50;Papillon;Finale;14.62;25.85;0.67;0.67;0.93;7
137;204;Arina;SURKOVA;f;19980717;RUS;;20210523;CE 2021 BUDAPEST;50;Papillon;Finale;19.06;25.87;0.71;0.71;0.98;6
136;203;Emilie;BECKMANN;f;19970204;DEN;;20210523;CE 2021 BUDAPEST;50;Papillon;Finale;17.41;25.59;0.68;0.68;1.02;5
135;43;Ranomi;KROMOWIDJOJO;f;19900820;NED;;20210523;CE 2021 BUDAPEST;50;Papillon;Finale;14.79;25.3;0.64;0.64;0.84;3
134;202;Maaike;DE WAARD;f;19961011;NED;;20210523;CE 2021 BUDAPEST;50;Papillon;Finale;12.66;25.76;0.7;0.7;0.97;2
133;201;Anna;NTOUNTOUNAKI;f;19950909;GRE;;20210523;CE 2021 BUDAPEST;50;Papillon;Finale;19.94;25.65;0.63;0.63;0.93;1
112;23;Yohann;NDOYE BROUARD;m;20000101;FRA;DAUPHINS D'ANNECY;20210523;CE 2021 BUDAPEST;4x100;4 Nages;Finale;19.28;53.22;0.65;0.65;0.71;5
113;7;Theo;BUSSIERE;m;19950101;FRA;CN MARSEILLE;20210523;CE 2021 BUDAPEST;4x100;4 Nages;Finale;72.59;60.6;0.16;0.16;0.5;5
114;22;Mehdy;METELLA;m;19920101;FRA;CN MARSEILLE;20210523;CE 2021 BUDAPEST;4x100;4 Nages;Finale;133.18;51.46;0.19;0.19;0.57;5
115;14;Maxime;GROUSSET;m;19990101;FRA;AMIENS METROPOLE NAT.;20210523;CE 2021 BUDAPEST;4x100;4 Nages;Finale;184.64;47.82;0.06;0.06;0.49;5
116;40;Viktar;STASELOVICH;m;19940528;BLR;;20210518;CE 2021 BUDAPEST;50;Dos;Finale;20.74;24.89;0.53;0.53;0.64;1
117;39;Grigory;TARASEVICH;m;19950801;RUS;;20210518;CE 2021 BUDAPEST;50;Dos;Finale;22.24;24.72;0.55;0.55;0.72;2
118;36;Robert-Andrei;GLINTA;m;19970418;ROU;;20210518;CE 2021 BUDAPEST;50;Dos;Finale;14.16;24.42;0.57;0.57;0.67;3
119;35;Kliment;KOLESNIKOV;m;20000709;RUS;;20210518;CE 2021 BUDAPEST;50;Dos;Finale;14.34;23.8;0.69;0.69;0.77;4
132;38;Apostolos;CHRISTOU;m;19961101;GRE;;20210518;CE 2021 BUDAPEST;50;Dos;Finale;11.09;24.59;0.57;0.57;0.62;5
121;37;Hugo;GONZALEZ DE OLIVEIRA;m;19990219;ESP;;20210518;CE 2021 BUDAPEST;50;Dos;Finale;15.46;24.47;0.53;0.53;0.67;6
122;41;Conor;FERGUSON;m;19991011;IRL;;20210518;CE 2021 BUDAPEST;50;Dos;Finale;19.92;24.92;0.47;0.47;0.69;7
123;42;Simone;SABBIONI;m;19961003;ITA;;20210518;CE 2021 BUDAPEST;50;Dos;Finale;5.17;24.92;0.62;0.62;0.78;8
124;48;Anna;HOPKIN;f;19960424;GBR;;20210518;CE 2021 BUDAPEST;50;Nage Libre;Finale;25.24;24.51;0.67;0.67;0.97;1
125;47;Femke;HEEMSKERK;f;19870921;NED;;20210518;CE 2021 BUDAPEST;50;Nage Libre;Finale;11.78;24.32;0.7;0.7;0.92;2
126;45;Katarzyna;WASICK;f;19920322;POL;;20210518;CE 2021 BUDAPEST;50;Nage Libre;Finale;5.7;24.17;0.67;0.67;0.91;3
127;44;Pernille;BLUME;f;19940514;DEN;CN MARSEILLE;20210518;CE 2021 BUDAPEST;50;Nage Libre;Finale;12.97;24.17;0.64;0.64;1.02;4
128;43;Ranomi;KROMOWIDJOJO;f;19900820;NED;;20210518;CE 2021 BUDAPEST;50;Nage Libre;Finale;12.49;23.97;0.64;0.64;0.88;5
129;46;Maria;KAMENEVA;f;19990527;RUS;;20210518;CE 2021 BUDAPEST;50;Nage Libre;Finale;9.9;24.29;0.65;0.65;0.95;6
130;49;Michelle;COLEMAN;f;19931031;SWE;;20210518;CE 2021 BUDAPEST;50;Nage Libre;Finale;13.59;24.65;0.68;0.68;1.02;7
131;50;Barbora;SEEMANOVA;f;20000401;CZE;;20210518;CE 2021 BUDAPEST;50;Nage Libre;Finale;5.79;24.67;0.62;0.62;1;8
164;214;Konrad;CZERNIAK;m;19890611;POL;;20210521;CE 2021 BUDAPEST;50;Papillon;Finale;2.5;23.09;0.73;0.73;1.09;8
163;213;Nyls;KORSTANJE;m;19990205;NED;;20210521;CE 2021 BUDAPEST;50;Papillon;Finale;15.4;23.14;0.63;0.63;0.99;7
162;212;Szebasztian;SZABO;m;19960311;HUN;;20210521;CE 2021 BUDAPEST;50;Papillon;Finale;19.16;23;0.61;0.61;0.95;6
161;211;Andrey;ZHILKIN;m;19950309;RUS;;20210521;CE 2021 BUDAPEST;50;Papillon;Finale;21.85;23.08;0.66;0.66;0.92;5
160;210;Andriy;GOVOROV;m;19920410;UKR;;20210521;CE 2021 BUDAPEST;50;Papillon;Finale;13.53;23.01;0.6;0.6;0.98;4
159;209;Andrei;MINAKOV;m;20020317;RUS;;20210521;CE 2021 BUDAPEST;50;Papillon;Finale;10.64;23.18;0.63;0.63;1.01;3
158;208;Thomas;CECCON;m;20010127;ITA;;20210521;CE 2021 BUDAPEST;50;Papillon;Finale;14.25;23.56;0.68;0.68;0.98;2
156;207;Piero;CODIA;m;19891022;ITA;;20210521;CE 2021 BUDAPEST;50;Papillon;Finale;21.29;23.54;0.62;0.62;0.98;1
147;200;Kirill;PRIGODA;m;19951229;RUS;;20210522;CE 2021 BUDAPEST;50;Brasse;Finale;2.3;27.3;0.65;0.65;1.04;8
146;199;Arno;KAMMINGA;m;19951022;NED;;20210522;CE 2021 BUDAPEST;50;Brasse;Finale;16.76;27.13;0.61;0.61;1.01;7
145;198;Jan;KOZAKIEWICZ;m;19960224;POL;;20210522;CE 2021 BUDAPEST;50;Brasse;Finale;15.08;27.1;0.71;0.71;1.01;6
144;197;Ilya;SHYMANOVICH;m;19940802;BLR;;20210522;CE 2021 BUDAPEST;50;Brasse;Finale;20.94;26.55;0.63;0.63;0.96;5
143;196;Adam;PEATY;m;19941228;GBR;;20210522;CE 2021 BUDAPEST;50;Brasse;Finale;15.35;26.21;0.62;0.62;0.98;4
142;195;Nicolo;MARTINENGHI;m;19990801;ITA;;20210522;CE 2021 BUDAPEST;50;Brasse;Finale;10.51;26.68;0.63;0.63;1.04;3
141;194;Alessandro;PINZUTTI;m;19990510;ITA;;20210522;CE 2021 BUDAPEST;50;Brasse;Finale;23.34;27.54;0.69;0.69;1.03;2
140;193;Lucas;MATZERATH;m;20000503;GER;;20210522;CE 2021 BUDAPEST;50;Brasse;Finale;23.44;27.13;0.67;0.67;0.95;1
155;192;Tatiana;BELONOGOFF;f;20010716;RUS;;20210523;CE 2021 BUDAPEST;50;Brasse;Finale;6.26;30.77;0.71;0.71;1.02;8
154;191;Sophie;HANSSON;f;19980802;SWE;;20210523;CE 2021 BUDAPEST;50;Brasse;Finale;12.79;30.31;0.7;0.7;1.04;7
153;190;Ida;HULKKO;f;19981212;FIN;;20210523;CE 2021 BUDAPEST;50;Brasse;Finale;14.24;30.19;0.63;0.63;0.93;6
152;189;Yuliya;EFIMOVA;f;19920403;RUS;;20210523;CE 2021 BUDAPEST;50;Brasse;Finale;15.6;30.22;0.68;0.68;1.05;5
151;188;Benedetta;PILATO;f;20050118;ITA;;20210523;CE 2021 BUDAPEST;50;Brasse;Finale;12.56;29.35;0.71;0.71;1.03;4
150;187;Sarah;VASEY;f;19960829;GBR;;20210523;CE 2021 BUDAPEST;50;Brasse;Finale;13.82;30.23;0.67;0.67;0.91;3
149;186;Arianna;CASTIGLIONI;f;19970815;ITA;;20210523;CE 2021 BUDAPEST;50;Brasse;Finale;11.24;30.35;0.63;0.63;0.94;2
148;185;Veera;KIVIRINTA;f;19950406;FIN;;20210523;CE 2021 BUDAPEST;50;Brasse;Finale;13.66;30.72;0.69;0.69;0.96;1
165;222;Cassie;WILD;f;20000612;GBR;;20210519;CE 2021 BUDAPEST;50;Dos;Finale;13.7;27.85;0.57;0.57;0.64;1
166;224;Anastasia;FESIKOVA;f;19900508;RUS;;20210519;CE 2021 BUDAPEST;50;Dos;Finale;11.1;27.9;0.65;0.65;0.71;3
167;225;Kathleen;DAWSON;f;19971003;GBR;;20210519;CE 2021 BUDAPEST;50;Dos;Finale;15.1;27.46;0.59;0.59;0.67;4
168;226;Kira;TOUSSAINT;f;19940522;NED;;20210519;CE 2021 BUDAPEST;50;Dos;Finale;20.76;27.36;0.59;0.59;0.69;5
169;202;Maaike;DE WAARD;f;19961011;NED;;20210519;CE 2021 BUDAPEST;50;Dos;Finale;19.35;27.74;0.58;0.58;0.68;6
170;227;Mimosa;JALLOW;f;19940617;FIN;;20210519;CE 2021 BUDAPEST;50;Dos;Finale;20.07;28.16;0.56;0.56;0.76;7
171;228;Julie Kepp;JENSEN;f;20000103;DEN;;20210519;CE 2021 BUDAPEST;50;Dos;Finale;5.52;28.01;0.59;0.59;0.73;8
214;248;Berkay Oemer;OEGRETIR;m;19980216;TUR;;20210518;CE 2021 BUDAPEST;100;Brasse;Finale;17.37;59.52;0.62;0.62;0.98;1
215;194;Alessandro;PINZUTTI;m;19990510;ITA;;20210518;CE 2021 BUDAPEST;100;Brasse;Finale;12.59;59.5;0.76;0.76;1.08;2
216;199;Arno;KAMMINGA;m;19951022;NED;;20210518;CE 2021 BUDAPEST;100;Brasse;Finale;4.68;58.1;0.63;0.63;1.05;3
217;196;Adam;PEATY;m;19941228;GBR;;20210518;CE 2021 BUDAPEST;100;Brasse;Finale;12.48;57.66;0.62;0.62;0.97;4
218;195;Nicolo;MARTINENGHI;m;19990801;ITA;;20210518;CE 2021 BUDAPEST;100;Brasse;Finale;12.19;58.94;0.64;0.64;1;5
219;249;James;WILBY;m;19931112;GBR;;20210518;CE 2021 BUDAPEST;100;Brasse;Finale;12.49;58.58;0.64;0.64;0.92;6
220;197;Ilya;SHYMANOVICH;m;19940802;BLR;;20210518;CE 2021 BUDAPEST;100;Brasse;Finale;13.33;58.75;0.62;0.62;0.96;7
221;250;Andrius;SIDLAUSKAS;m;19970605;LTU;;20210518;CE 2021 BUDAPEST;100;Brasse;Finale;3.26;59.31;0.66;0.66;1.02;8
200;239;Mikhail;VEKOVISCHCHEV;m;19980805;RUS;;20210529;CE 2021 BUDAPEST;100;Papillon;Finale;18.83;51.43;0.64;0.64;0.98;1
201;240;Noe;PONTI;m;20010601;SUI;;20210529;CE 2021 BUDAPEST;100;Papillon;Finale;15.8;51.45;0.69;0.69;1.07;2
202;241;Josif;MILADINOV;m;20030623;BUL;;20210529;CE 2021 BUDAPEST;100;Papillon;Finale;9.29;50.93;0.66;0.66;1.02;3
203;242;Kristof;MILAK;m;20000220;HUN;;20210529;CE 2021 BUDAPEST;100;Papillon;Finale;15.52;50.18;0.67;0.67;0.99;4
204;243;James;GUY;m;19951126;GBR;;20210529;CE 2021 BUDAPEST;100;Papillon;Finale;7.21;50.99;0.64;0.64;0.95;5
205;244;Jakub;MAJERSKI;m;20000818;POL;;20210529;CE 2021 BUDAPEST;100;Papillon;Finale;17.37;51.11;0.66;0.66;1.03;6
206;212;Szebasztian;SZABO;m;19960311;HUN;;20210529;CE 2021 BUDAPEST;100;Papillon;Finale;17.94;51.86;0.65;0.65;0.99;7
207;245;Federico;BURDISSO;m;20010920;ITA;;20210529;CE 2021 BUDAPEST;100;Papillon;Finale;9.67;51.39;0.67;0.67;0.96;8
266;275;Laszlo;CSEH;m;19851203;HUN;;20210520;CE 2021 BUDAPEST;200;4 Nages;Finale;22.79;118.04;0.72;0.72;1.03;1
267;37;Hugo;GONZALEZ DE OLIVEIRA;m;19990219;ESP;;20210520;CE 2021 BUDAPEST;200;4 Nages;Finale;7.72;116.76;0.69;0.69;1.07;2
268;276;Jérémy;DESPLANCHES;m;19940807;SUI;;20210520;CE 2021 BUDAPEST;200;4 Nages;Finale;15.39;116.95;0.64;0.64;1;3
269;277;Hubert;KOS;m;20030328;HUN;;20210520;CE 2021 BUDAPEST;200;4 Nages;Finale;13.3;118.12;0.57;0.57;0.93;4
270;278;Alberto;RAZZETTI;m;19990602;ITA;;20210520;CE 2021 BUDAPEST;200;4 Nages;Finale;10.34;117.25;0.64;0.64;0.93;5
271;271;Duncan W;SCOTT;m;19970506;GBR;;20210520;CE 2021 BUDAPEST;200;4 Nages;Finale;15.88;118.18;0.63;0.63;1.01;6
272;279;Max;LITCHFIELD;m;19950304;GBR;;20210520;CE 2021 BUDAPEST;200;4 Nages;Finale;16.49;118.52;0.61;0.61;0.92;7
273;280;Andreas;VAZAIOS;m;19940509;GRE;;20210520;CE 2021 BUDAPEST;200;4 Nages;Finale;4.02;118.35;0.63;0.63;0.97;8
236;249;James;WILBY;m;19931112;GBR;;20210520;CE 2021 BUDAPEST;200;Brasse;Finale;20.61;130.34;0.68;0.68;1;1
237;259;Ross;MURDOCH;m;19940114;GBR;;20210520;CE 2021 BUDAPEST;200;Brasse;Finale;9.35;128.58;0.78;0.78;1.12;2
238;260;Matti;MATTSSON;m;19931005;FIN;;20210520;CE 2021 BUDAPEST;200;Brasse;Finale;4.71;128.48;0.66;0.66;0.9;3
239;261;Erik;PERSSON;m;19940112;SWE;;20210520;CE 2021 BUDAPEST;200;Brasse;Finale;11.15;127.66;0.66;0.66;1;4
240;262;Anton;CHUPKOV;m;19970222;RUS;;20210520;CE 2021 BUDAPEST;200;Brasse;Finale;9.21;126.99;0.6;0.6;0.96;5
241;199;Arno;KAMMINGA;m;19951022;NED;;20210520;CE 2021 BUDAPEST;200;Brasse;Finale;8.29;127.35;0.62;0.62;1.06;6
242;200;Kirill;PRIGODA;m;19951229;RUS;;20210520;CE 2021 BUDAPEST;200;Brasse;Finale;13.05;129.23;0.6;0.6;0.96;7
243;263;Caspar;CORBEAU;m;20010304;NED;;20210520;CE 2021 BUDAPEST;200;Brasse;Finale;7.93;129.73;0.68;0.68;0.96;8
244;264;Andrea;MUREZ;f;19920129;ISR;;20210521;CE 2021 BUDAPEST;200;Nage Libre;Finale;5.29;118.48;0.68;0.68;1.05;1
245;265;Valentine;DUMONT;f;20000702;BEL;;20210521;CE 2021 BUDAPEST;200;Nage Libre;Finale;13.34;118.78;0.76;0.76;1.01;2
246;266;Federica;PELLEGRINI;f;19880805;ITA;;20210521;CE 2021 BUDAPEST;200;Nage Libre;Finale;11.26;116.29;0.73;0.73;0.97;3
248;215;Freya;ANDERSON;f;20010304;GBR;;20210521;CE 2021 BUDAPEST;200;Nage Libre;Finale;10.29;116.42;0.72;0.72;0.96;6
249;267;Katja;FAIN;f;20010831;SLO;;20210521;CE 2021 BUDAPEST;200;Nage Libre;Finale;15.73;118.76;0.72;0.72;0.98;7
250;268;Julia;MROZINSKI;f;20000216;GER;;20210521;CE 2021 BUDAPEST;200;Nage Libre;Finale;1.72;119.36;0.69;0.69;0.99;8
251;242;Kristof;MILAK;m;20000220;HUN;;20210522;CE 2021 BUDAPEST;200;Nage Libre;Finale;8.74;105.74;0.67;0.67;0.95;1
252;269;Antonio;DJAKOVIC;m;20021008;SUI;;20210522;CE 2021 BUDAPEST;200;Nage Libre;Finale;14.74;106.1;0.73;0.73;1.07;2
253;221;Thomas;DEAN;m;20000502;GBR;;20210522;CE 2021 BUDAPEST;200;Nage Libre;Finale;14.69;105.34;0.68;0.68;0.98;3
254;270;Martin;MALYUTIN;m;19990705;RUS;;20210522;CE 2021 BUDAPEST;200;Nage Libre;Finale;16.15;104.79;0.7;0.7;1.08;4
255;271;Duncan W;SCOTT;m;19970506;GBR;;20210522;CE 2021 BUDAPEST;200;Nage Libre;Finale;19.46;105.19;0.68;0.68;1.03;5
256;272;Danas;RAPSYS;m;19950521;LTU;;20210522;CE 2021 BUDAPEST;200;Nage Libre;Finale;17.26;105.72;0.66;0.66;0.87;6
257;273;Robin;HANSON;m;20010402;SWE;;20210522;CE 2021 BUDAPEST;200;Nage Libre;Finale;17.63;107.34;0.66;0.66;1.04;7
258;274;Velimir;STJEPANOVIC;m;19930807;SRB;;20210522;CE 2021 BUDAPEST;200;Nage Libre;Finale;10.45;107.66;0.64;0.64;0.98;8
222;251;Louis;CROENEN;m;19940103;BEL;;20210519;CE 2021 BUDAPEST;200;Papillon;Finale;18.06;115.69;0.67;0.67;0.95;1
223;240;Noe;PONTI;m;20010601;SUI;;20210519;CE 2021 BUDAPEST;200;Papillon;Finale;14.65;115.18;0.74;0.74;1.12;2
224;245;Federico;BURDISSO;m;20010920;ITA;;20210519;CE 2021 BUDAPEST;200;Papillon;Finale;5.47;114.28;0.68;0.68;0.94;3
225;252;Tamas;KENDERESI;m;19961213;HUN;;20210519;CE 2021 BUDAPEST;200;Papillon;Finale;13.93;114.43;0.7;0.7;1.05;4
226;242;Kristof;MILAK;m;20000220;HUN;;20210519;CE 2021 BUDAPEST;200;Papillon;Finale;16.01;111.1;0.67;0.67;0.96;5
227;253;Antani;IVANOV;m;19990717;BUL;;20210519;CE 2021 BUDAPEST;200;Papillon;Finale;16.53;114.5;0.66;0.66;1.03;6
228;254;Giacomo;CARINI;m;19970702;ITA;;20210519;CE 2021 BUDAPEST;200;Papillon;Finale;16.41;116.69;0.65;0.65;0.97;7
229;255;Alexander;KUDASHEV;m;19951205;RUS;;20210519;CE 2021 BUDAPEST;200;Papillon;Finale;5.35;116.33;0.76;0.76;1.04;8
274;294;Zoe;VOGELMANN;f;20030921;GER;;20210517;CE 2021 BUDAPEST;400;4 Nages;Finale;0;285.61;0.77;0.77;-1;1
275;295;Anja;CREVAR;f;20000524;SRB;;20210517;CE 2021 BUDAPEST;400;4 Nages;Finale;0;280.84;0.69;0.69;-1;2
276;296;Aimee;WILLMOTT;f;19930226;GBR;;20210517;CE 2021 BUDAPEST;400;4 Nages;Finale;0;276.81;0.76;0.76;-1;3
277;290;Katinka;HOSSZU;f;19890503;HUN;;20210517;CE 2021 BUDAPEST;400;4 Nages;Finale;0;274.76;0.67;0.67;-1;4
278;297;Viktoria;MIHALYVARI-FARKAS;f;20031126;HUN;;20210517;CE 2021 BUDAPEST;400;4 Nages;Finale;0;276.81;0.79;0.79;-1;5
279;288;Ilaria;CUSINATO;f;19991005;ITA;;20210517;CE 2021 BUDAPEST;400;4 Nages;Finale;0;278.08;0.7;0.7;-1;6
280;298;Catalina;CORRO LORENTE;f;19950414;ESP;;20210517;CE 2021 BUDAPEST;400;4 Nages;Finale;0;286.03;0.7;0.7;-1;7
281;292;Sara;FRANCESCHI;f;19990201;ITA;;20210517;CE 2021 BUDAPEST;400;4 Nages;Finale;0;280.74;0.74;0.74;-1;8
282;281;Pier Andrea;MATTEAZZI;m;19971205;ITA;;20210523;CE 2021 BUDAPEST;400;4 Nages;Finale;24.37;252.79;0.68;0.68;0.92;1
283;278;Alberto;RAZZETTI;m;19990602;ITA;;20210523;CE 2021 BUDAPEST;400;4 Nages;Finale;17.95;251.17;0.74;0.74;1.06;2
284;279;Max;LITCHFIELD;m;19950304;GBR;;20210523;CE 2021 BUDAPEST;400;4 Nages;Finale;19.4;251.56;0.66;0.66;0.97;3
304;282;David;VERRASZTO;m;19880822;HUN;;20210523;CE 2021 BUDAPEST;400;4 Nages;Finale;20.17;252.15;0.8;0.8;1.1;4
286;283;Peter;BERNEK;m;19920413;HUN;;20210523;CE 2021 BUDAPEST;400;4 Nages;Finale;21.73;254.33;0.74;0.74;1.08;5
287;284;Joan Lluis;PONS RAMON;m;19961209;ESP;;20210523;CE 2021 BUDAPEST;400;4 Nages;Finale;17.61;256.75;0.64;0.64;0.97;6
288;285;Ilya;BORODIN;m;20030214;RUS;;20210523;CE 2021 BUDAPEST;400;4 Nages;Finale;20.51;250.02;0.72;0.72;1;7
289;286;Maxim;STUPIN;m;20000511;RUS;;20210523;CE 2021 BUDAPEST;400;4 Nages;Finale;0;257.06;0.67;0.67;-1;8
295;217;David;POPOVICI;m;20040915;ROU;;20210708;CEJ 2021 ROME;100;Nage Libre;Demi-finale;7.29;48.08;0.7;0.7;1.06;4
296;217;David;POPOVICI;m;20040915;ROU;;20210710;CEJ 2021 ROME;100;Nage Libre;Finale;13.16;47.3;0.68;0.68;1.01;4
292;217;David;POPOVICI;m;20040915;ROU;;20210713;CEJ 2021 ROME;50;Nage Libre;Demi-finale;9.84;22.75;0.69;0.69;1.03;4
293;217;David;POPOVICI;m;20040915;ROU;;20210714;CEJ 2021 ROME;50;Nage Libre;Finale;11.95;22.22;0.66;0.66;0.98;4
294;217;David;POPOVICI;m;20040915;ROU;;20210719;CEJ 2021 ROME;100;Nage Libre;Series;9.37;49.5;0.68;0.68;1.02;4
298;217;David;POPOVICI;m;20040915;ROU;;20210710;CEJ 2021 ROME;200;Nage Libre;Demi-finale;7.56;105.26;0.64;0.64;0.95;5
299;217;David;POPOVICI;m;20040915;ROU;;20210713;CEJ 2021 ROME;200;Nage Libre;Finale;12.85;105.95;0.66;0.66;1;4
297;217;David;POPOVICI;m;20040915;ROU;;20210718;CEJ 2021 ROME;200;Nage Libre;Series;9.46;110.01;0.69;0.69;1.01;4
291;217;David;POPOVICI;m;20040915;ROU;;20210716;CEJ 2021 ROME;50;Nage Libre;Series;10.91;22.37;0.7;0.7;1.04;4
300;217;David;POPOVICI;m;20040915;ROU;;20210707;CEJ 2021 ROME;4x100;Nage Libre;Series;6.69;48.32;0.74;0.74;1.12;3
301;217;David;POPOVICI;m;20040915;ROU;;20210708;CEJ 2021 ROME;4x100;Nage Libre;Finale;7.6;47.56;0.67;0.67;0.99;4
308;2;David;AUBRY;m;19960101;FRA;MONTPELLIER METROPOLE NATATION;20210724;JO 2021 TOKYO;400;Nage Libre;Series;4.06;235.01;0.73;0.73;0.97;6
309;325;Fantine;LESAFFRE;f;19941110;FRA;;20210724;JO 2021 TOKYO;400;4 Nages;Series;6.81;281.98;0.76;0.76;1.04;7
305;19;Léon;MARCHAND;m;20020101;FRA;DAUPHINS TOULOUSE OEC;20210724;JO 2021 TOKYO;400;4 Nages;Series;6.99;250.09;0.66;0.66;0.98;3
306;34;Marie;WATTEL;f;19970101;FRA;CN MARSEILLE;20210724;JO 2021 TOKYO;100;Papillon;Series;3.8;57.08;0.69;0.69;0.97;3
310;332;Beryl;GASTALDELLO;f;19950216;FRA;;20210724;JO 2021 TOKYO;4x100;Nage Libre;Series;12.38;54.28;0.63;0.63;0.91;3
311;5;Charlotte;BONNET;f;19950101;FRA;OLYMPIC NICE NATATION;20210724;JO 2021 TOKYO;4x100;Nage Libre;Series;66.67;53.05;0.24;0.24;0.54;3
312;12;Margaux;FABRE;f;19920101;FRA;CANET 66 NATATION;20210724;JO 2021 TOKYO;4x100;Nage Libre;Series;119.73;54.83;0.32;0.32;0.62;3
313;20;Anouchka;MARTIN;f;19930101;FRA;CN MARSEILLE;20210724;JO 2021 TOKYO;4x100;Nage Libre;Series;174.55;54.45;0.2;0.2;0.66;3
307;7;Theo;BUSSIERE;m;19950101;FRA;CN MARSEILLE;20210724;JO 2021 TOKYO;100;Brasse;Series;4.66;60.75;0.67;0.67;1.02;7
315;19;Léon;MARCHAND;m;20020101;FRA;DAUPHINS TOULOUSE OEC;20210725;JO 2021 TOKYO;400;4 Nages;Finale;2.35;251.22;0.67;0.67;1.01;1
524;290;Katinka;HOSSZU;f;19890503;HUN;;20210725;JO 2021 TOKYO;400;4 Nages;Finale;0;275.98;0.7;0.7;-1;1
525;331;Hali;FLICKINGER;f;19940707;USA;;20210725;JO 2021 TOKYO;400;4 Nages;Finale;0;274.9;0.71;0.71;-1;2
526;330;Yui;OHASHI;f;19951018;JPN;;20210725;JO 2021 TOKYO;400;4 Nages;Finale;0;272.08;0.69;0.69;-1;3
527;324;Emma;WEYANT;f;20011224;USA;;20210725;JO 2021 TOKYO;400;4 Nages;Finale;0;272.76;0.79;0.79;-1;4
528;323;Mireia;BELMONTE;f;19901110;ESP;;20210725;JO 2021 TOKYO;400;4 Nages;Finale;0;275.13;0.64;0.64;-1;6
529;297;Viktoria;MIHALYVARI-FARKAS;f;20031126;HUN;;20210725;JO 2021 TOKYO;400;4 Nages;Finale;0;277.75;0.71;0.71;-1;7
530;288;Ilaria;CUSINATO;f;19991005;ITA;;20210725;JO 2021 TOKYO;400;4 Nages;Finale;0;280.65;0.71;0.71;-1;8
314;34;Marie;WATTEL;f;19970101;FRA;CN MARSEILLE;20210725;JO 2021 TOKYO;100;Papillon;Demi-finale;7.35;56.16;0.7;0.7;0.96;6
316;313;Emma;MCKEON;f;19940524;AUS;;20210725;JO 2021 TOKYO;100;Papillon;Demi-finale;7.33;56.33;0.74;0.74;1.07;4
317;316;Torri;HUSKE;f;20021207;USA;;20210725;JO 2021 TOKYO;100;Papillon;Demi-finale;7.33;56.51;0.64;0.64;0.95;5
318;236;Louise;HANSSON;f;19961124;SWE;;20210725;JO 2021 TOKYO;100;Papillon;Demi-finale;7.34;56.92;0.69;0.69;0.97;3
319;312;Yufei;ZHANG;f;19980419;CHN;;20210725;JO 2021 TOKYO;100;Papillon;Demi-finale;5.52;55.89;0.67;0.67;0.97;4
320;317;Sarah;SJOESTROEM;f;19930817;SWE;;20210725;JO 2021 TOKYO;100;Papillon;Demi-finale;5.53;56.4;0.68;0.68;0.94;5
321;319;Margaret;MACNEIL;f;20000226;CAN;;20210725;JO 2021 TOKYO;100;Papillon;Demi-finale;5.54;56.56;0.62;0.62;0.97;3
322;234;Anastasiya;SHKURDAI;f;20030103;BLR;;20210725;JO 2021 TOKYO;100;Papillon;Demi-finale;5.52;57.19;0.64;0.64;0.96;6
323;313;Emma;MCKEON;f;19940524;AUS;;20210725;JO 2021 TOKYO;4x100;Nage Libre;Finale;114.64;51.35;0.25;0.25;0.51;4
324;335;Cate;CAMPBELL;f;19920520;AUS;;20210725;JO 2021 TOKYO;4x100;Nage Libre;Finale;165.98;52.24;0.21;0.21;0.51;4
325;334;Kayla;SANCHEZ;f;20010407;CAN;;20210725;JO 2021 TOKYO;4x100;Nage Libre;Finale;8.51;53.42;0.69;0.69;0.87;3
326;333;Penny;OLEKSIAK;f;20000613;CAN;;20210725;JO 2021 TOKYO;4x100;Nage Libre;Finale;169.05;52.26;0.09;0.09;0.38;3
327;337;Erika;BROWN;f;19980827;USA;;20210725;JO 2021 TOKYO;4x100;Nage Libre;Finale;8.54;54.02;0.68;0.68;0.98;2
328;336;Abbey;WEITZEIL;f;19961203;USA;;20210725;JO 2021 TOKYO;4x100;Nage Libre;Finale;62.56;52.68;0.18;0.18;0.53;2
336;44;Pernille;BLUME;f;19940514;DEN;CN MARSEILLE;20210725;JO 2021 TOKYO;4x100;Nage Libre;Finale;8.53;53.07;0.68;0.68;1.04;8
330;47;Femke;HEEMSKERK;f;19870921;NED;;20210725;JO 2021 TOKYO;4x100;Nage Libre;Finale;170.2;52.05;0.15;0.15;0.41;5
329;43;Ranomi;KROMOWIDJOJO;f;19900820;NED;;20210725;JO 2021 TOKYO;4x100;Nage Libre;Finale;0;52.87;0.2;0.2;-1;5
331;48;Anna;HOPKIN;f;19960424;GBR;;20210725;JO 2021 TOKYO;4x100;Nage Libre;Finale;0;53.16;0.67;0.67;-1;6
332;215;Freya;ANDERSON;f;20010304;GBR;;20210725;JO 2021 TOKYO;4x100;Nage Libre;Finale;0;52.84;0.34;0.34;-1;6
337;216;Signe;BRO;f;19990305;DEN;;20210725;JO 2021 TOKYO;4x100;Nage Libre;Finale;0;53.78;0.29;0.29;-1;1
333;317;Sarah;SJOESTROEM;f;19930817;SWE;;20210725;JO 2021 TOKYO;4x100;Nage Libre;Finale;0;52.62;0.65;0.65;-1;8
334;49;Michelle;COLEMAN;f;19931031;SWE;;20210725;JO 2021 TOKYO;4x100;Nage Libre;Finale;0;53.62;0.31;0.31;-1;8
335;338;Qingfeng;WU;f;20030128;CHN;;20210725;JO 2021 TOKYO;4x100;Nage Libre;Finale;0;52.9;0.26;0.26;-1;7
338;332;Beryl;GASTALDELLO;f;19950216;FRA;;20210725;JO 2021 TOKYO;100;Dos;Series;4.69;60.69;0.56;0.56;0.75;5
340;31;Mewen;TOMAC;m;20010101;FRA;AMIENS METROPOLE NAT.;20210725;JO 2021 TOKYO;100;Dos;Series;5.57;53.49;0.6;0.6;0.68;3
339;23;Yohann;NDOYE BROUARD;m;20000101;FRA;DAUPHINS D'ANNECY;20210725;JO 2021 TOKYO;100;Dos;Series;5.62;53.13;0.55;0.55;0.67;2
345;1;Jonathan;ATSU;m;19960101;FRA;DAUPHINS TOULOUSE OEC;20210725;JO 2021 TOKYO;200;Nage Libre;Series;15.85;107.75;0.66;0.66;1.02;8
346;27;Jordan;POTHAIN;m;19940101;FRA;OLYMPIC NICE NATATION;20210725;JO 2021 TOKYO;200;Nage Libre;Series;7.76;106.75;0.6;0.6;0.99;8
341;339;Clément;MIGNON;m;20130315;;;20210725;JO 2021 TOKYO;4x100;Nage Libre;Series;3.9;48.58;0.59;0.59;1.01;6
342;14;Maxime;GROUSSET;m;19990101;FRA;AMIENS METROPOLE NAT.;20210725;JO 2021 TOKYO;4x100;Nage Libre;Series;52.47;47.41;0.46;0.46;0.92;6
343;28;Charles;RIHOUX;m;19980101;FRA;OLYMPIC NICE NATATION;20210725;JO 2021 TOKYO;4x100;Nage Libre;Series;99.91;48.27;0.15;0.15;0.62;6
344;22;Mehdy;METELLA;m;19920101;FRA;CN MARSEILLE;20210725;JO 2021 TOKYO;4x100;Nage Libre;Series;148.19;48.09;0.3;0.3;0.7;6
347;34;Marie;WATTEL;f;19970101;FRA;CN MARSEILLE;20210726;JO 2021 TOKYO;100;Papillon;Finale;4.62;56.27;0.69;0.69;0.97;5
348;31;Mewen;TOMAC;m;20010101;FRA;AMIENS METROPOLE NAT.;20210726;JO 2021 TOKYO;100;Dos;Demi-finale;4.59;53.62;0.62;0.62;0.71;2
357;23;Yohann;NDOYE BROUARD;m;20000101;FRA;DAUPHINS D'ANNECY;20210726;JO 2021 TOKYO;100;Dos;Demi-finale;4.51;54.91;0.6;0.6;0.74;3
349;14;Maxime;GROUSSET;m;19990101;FRA;AMIENS METROPOLE NAT.;20210726;JO 2021 TOKYO;4x100;Nage Libre;Finale;6.37;47.52;0.62;0.62;0.99;6
350;18;Florent;MANAUDOU;m;19900101;FRA;CN MARSEILLE;20210726;JO 2021 TOKYO;4x100;Nage Libre;Finale;53.91;47.62;0.07;0.07;0.46;6
351;339;Clément;MIGNON;m;20130315;;;20210726;JO 2021 TOKYO;4x100;Nage Libre;Finale;101.53;48.01;0.17;0.17;0.58;6
352;22;Mehdy;METELLA;m;19920101;FRA;CN MARSEILLE;20210726;JO 2021 TOKYO;4x100;Nage Libre;Finale;149.54;47.94;0.11;0.11;0.52;6
353;5;Charlotte;BONNET;f;19950101;FRA;OLYMPIC NICE NATATION;20210726;JO 2021 TOKYO;200;Nage Libre;Series;8.56;116.88;0.71;0.71;0.95;3
354;19;Léon;MARCHAND;m;20020101;FRA;DAUPHINS TOULOUSE OEC;20210726;JO 2021 TOKYO;200;Papillon;Series;4.59;115.85;0.67;0.67;0.98;7
356;11;Cyrielle;DUHAMEL;f;20000101;FRA;STADE BÉTHUNE PÉLICAN CLUB;20210726;JO 2021 TOKYO;200;4 Nages;Series;4.79;131.11;0.64;0.64;0.92;7
355;325;Fantine;LESAFFRE;f;19941110;FRA;;20210726;JO 2021 TOKYO;200;4 Nages;Series;5.18;134.2;0.73;0.73;1.01;7
358;5;Charlotte;BONNET;f;19950101;FRA;OLYMPIC NICE NATATION;20210727;JO 2021 TOKYO;200;Nage Libre;Demi-finale;3.94;117.35;0.71;0.71;0.95;2
359;19;Léon;MARCHAND;m;20020101;FRA;DAUPHINS TOULOUSE OEC;20210727;JO 2021 TOKYO;200;Papillon;Demi-finale;10.66;115.68;0.68;0.68;1.02;8
360;11;Cyrielle;DUHAMEL;f;20000101;FRA;STADE BÉTHUNE PÉLICAN CLUB;20210727;JO 2021 TOKYO;200;4 Nages;Demi-finale;7.92;130.84;0.65;0.65;0.93;7
361;14;Maxime;GROUSSET;m;19990101;FRA;AMIENS METROPOLE NAT.;20210727;JO 2021 TOKYO;100;Nage Libre;Series;2.66;48.25;0.61;0.61;0.97;3
362;22;Mehdy;METELLA;m;19920101;FRA;CN MARSEILLE;20210727;JO 2021 TOKYO;100;Nage Libre;Series;4.91;48.68;0.63;0.63;1;7
363;33;Antoine;VIQUERAT;m;19980101;FRA;DAUPHINS TOULOUSE OEC;20210727;JO 2021 TOKYO;200;Brasse;Series;3.16;129.54;0.67;0.67;1.03;8
364;27;Jordan;POTHAIN;m;19940101;FRA;OLYMPIC NICE NATATION;20210727;JO 2021 TOKYO;4x200;Nage Libre;Series;8.77;107.3;0.62;0.62;0.97;6
367;1;Jonathan;ATSU;m;19960101;FRA;DAUPHINS TOULOUSE OEC;20210727;JO 2021 TOKYO;4x200;Nage Libre;Series;331.01;106.65;0.16;0.16;0.54;6
366;29;Enzo;TESIC;m;20000101;FRA;AMIENS METROPOLE NAT.;20210727;JO 2021 TOKYO;4x200;Nage Libre;Series;224.18;106.84;0.16;0.16;0.59;6
365;346;Hadrien;SALVAN;m;20130315;;;20210727;JO 2021 TOKYO;4x200;Nage Libre;Series;116.02;108.09;0.13;0.13;0.41;6
368;14;Maxime;GROUSSET;m;19990101;FRA;AMIENS METROPOLE NAT.;20210728;JO 2021 TOKYO;100;Nage Libre;Demi-finale;7.69;47.82;0.62;0.62;0.98;7
369;299;Caeleb;DRESSEL;m;19960816;USA;;20210728;JO 2021 TOKYO;100;Nage Libre;Demi-finale;7.7;47.23;0.61;0.61;0.97;4
371;217;David;POPOVICI;m;20040915;ROU;;20210728;JO 2021 TOKYO;100;Nage Libre;Demi-finale;7.71;47.72;0.67;0.67;0.98;6
370;218;Alessandro;MIRESSI;m;19981002;ITA;;20210728;JO 2021 TOKYO;100;Nage Libre;Demi-finale;7.68;47.52;0.7;0.7;1.03;5
372;35;Kliment;KOLESNIKOV;m;20000709;RUS;;20210728;JO 2021 TOKYO;100;Nage Libre;Demi-finale;8.03;47.11;0.64;0.64;0.98;3
373;340;Kyle;CHALMERS;m;19980625;AUS;;20210728;JO 2021 TOKYO;100;Nage Libre;Demi-finale;7.98;47.8;0.65;0.65;0.97;5
374;219;Nandor;NEMETH;m;19991119;HUN;;20210728;JO 2021 TOKYO;100;Nage Libre;Demi-finale;8.01;47.81;0.62;0.62;0.92;2
375;347;Sunwoo;HWANG;m;20030521;KOR;;20210728;JO 2021 TOKYO;100;Nage Libre;Demi-finale;16.24;47.56;0.58;0.58;0.95;3
376;33;Antoine;VIQUERAT;m;19980101;FRA;DAUPHINS TOULOUSE OEC;20210728;JO 2021 TOKYO;200;Brasse;Demi-finale;3.21;129.97;0.65;0.65;0.98;7
377;5;Charlotte;BONNET;f;19950101;FRA;OLYMPIC NICE NATATION;20210728;JO 2021 TOKYO;100;Nage Libre;Series;7.58;53.67;0.68;0.68;0.92;6
378;34;Marie;WATTEL;f;19970101;FRA;CN MARSEILLE;20210728;JO 2021 TOKYO;100;Nage Libre;Series;6.62;53.71;0.69;0.69;0.96;2
379;23;Yohann;NDOYE BROUARD;m;20000101;FRA;DAUPHINS D'ANNECY;20210728;JO 2021 TOKYO;200;Dos;Series;9.66;117.96;0.53;0.53;0.65;3
380;31;Mewen;TOMAC;m;20010101;FRA;AMIENS METROPOLE NAT.;20210728;JO 2021 TOKYO;200;Dos;Series;9.7;119.02;0.62;0.62;0.72;7
385;19;Léon;MARCHAND;m;20020101;FRA;DAUPHINS TOULOUSE OEC;20210728;JO 2021 TOKYO;200;4 Nages;Series;4.93;118.3;0.68;0.68;1;1
381;5;Charlotte;BONNET;f;19950101;FRA;OLYMPIC NICE NATATION;20210728;JO 2021 TOKYO;4x200;Nage Libre;Series;5.87;117.61;0.7;0.7;0.92;2
382;32;Assia;TOUATI;f;19950101;FRA;DAUPHINS TOULOUSE OEC;20210728;JO 2021 TOKYO;4x200;Nage Libre;Series;123.48;118.59;0.23;0.23;0.61;2
383;30;Lucile;TESSARIOL;f;20040101;FRA;SA MÉRIGNAC;20210728;JO 2021 TOKYO;4x200;Nage Libre;Series;242.2;119.39;0.21;0.21;0.47;2
384;12;Margaux;FABRE;f;19920101;FRA;CANET 66 NATATION;20210728;JO 2021 TOKYO;4x200;Nage Libre;Series;361.46;119.46;0.21;0.21;0.49;4
387;5;Charlotte;BONNET;f;19950101;FRA;OLYMPIC NICE NATATION;20210729;JO 2021 TOKYO;100;Nage Libre;Demi-finale;6.35;54.1;0.68;0.68;0.93;1
386;34;Marie;WATTEL;f;19970101;FRA;CN MARSEILLE;20210729;JO 2021 TOKYO;100;Nage Libre;Demi-finale;7.17;53.12;0.69;0.69;0.98;1
389;23;Yohann;NDOYE BROUARD;m;20000101;FRA;DAUPHINS D'ANNECY;20210729;JO 2021 TOKYO;200;Dos;Demi-finale;11.66;116.83;0.56;0.56;0.67;8
388;14;Maxime;GROUSSET;m;19990101;FRA;AMIENS METROPOLE NAT.;20210729;JO 2021 TOKYO;100;Nage Libre;Finale;8.95;47.72;0.61;0.61;0.99;8
487;299;Caeleb;DRESSEL;m;19960816;USA;;20210729;JO 2021 TOKYO;100;Nage Libre;Finale;8.96;47.02;0.6;0.6;0.97;5
489;340;Kyle;CHALMERS;m;19980625;AUS;;20210729;JO 2021 TOKYO;100;Nage Libre;Finale;8.93;47.08;0.66;0.66;0.96;7
486;35;Kliment;KOLESNIKOV;m;20000709;RUS;;20210729;JO 2021 TOKYO;100;Nage Libre;Finale;8.96;47.44;0.65;0.65;0.97;4
488;347;Sunwoo;HWANG;m;20030521;KOR;;20210729;JO 2021 TOKYO;100;Nage Libre;Finale;8.95;47.82;0.58;0.58;0.94;6
485;218;Alessandro;MIRESSI;m;19981002;ITA;;20210729;JO 2021 TOKYO;100;Nage Libre;Finale;8.92;47.86;0.7;0.7;1.02;3
484;217;David;POPOVICI;m;20040915;ROU;;20210729;JO 2021 TOKYO;100;Nage Libre;Finale;8.95;48.04;0.66;0.66;0.96;2
483;219;Nandor;NEMETH;m;19991119;HUN;;20210729;JO 2021 TOKYO;100;Nage Libre;Finale;8.94;48.1;0.61;0.61;0.95;1
390;5;Charlotte;BONNET;f;19950101;FRA;OLYMPIC NICE NATATION;20210729;JO 2021 TOKYO;4x200;Nage Libre;Finale;8.65;118.08;0.7;0.7;0.94;1
391;32;Assia;TOUATI;f;19950101;FRA;DAUPHINS TOULOUSE OEC;20210729;JO 2021 TOKYO;4x200;Nage Libre;Finale;126.77;118.82;0.3;0.3;0.63;1
392;30;Lucile;TESSARIOL;f;20040101;FRA;SA MÉRIGNAC;20210729;JO 2021 TOKYO;4x200;Nage Libre;Finale;245.6;120.86;0.26;0.26;0.54;1
393;12;Margaux;FABRE;f;19920101;FRA;CANET 66 NATATION;20210729;JO 2021 TOKYO;4x200;Nage Libre;Finale;366.43;120.39;0.33;0.33;0.66;1
394;22;Mehdy;METELLA;m;19920101;FRA;CN MARSEILLE;20210729;JO 2021 TOKYO;100;Papillon;Series;6.1;51.53;0.67;0.67;0.99;4
395;22;Mehdy;METELLA;m;19920101;FRA;CN MARSEILLE;20210730;JO 2021 TOKYO;100;Papillon;Demi-finale;3.5;51.32;0.65;0.65;0.97;2
396;14;Maxime;GROUSSET;m;19990101;FRA;AMIENS METROPOLE NAT.;20210730;JO 2021 TOKYO;50;Nage Libre;Series;6.68;21.97;0.63;0.63;1.01;6
397;18;Florent;MANAUDOU;m;19900101;FRA;CN MARSEILLE;20210730;JO 2021 TOKYO;50;Nage Libre;Series;7.22;21.65;0.62;0.62;1.03;3
400;15;Mélanie;HENIQUE;f;19920101;FRA;CN MARSEILLE;20210730;JO 2021 TOKYO;50;Nage Libre;Series;4.14;24.69;0.59;0.59;0.92;2
398;34;Marie;WATTEL;f;19970101;FRA;CN MARSEILLE;20210730;JO 2021 TOKYO;50;Nage Libre;Series;5.96;24.82;0.69;0.69;0.98;7
399;44;Pernille;BLUME;f;19940514;DEN;CN MARSEILLE;20210730;JO 2021 TOKYO;50;Nage Libre;Series;5.96;24.12;0.63;0.63;1;5
401;299;Caeleb;DRESSEL;m;19960816;USA;;20210730;JO 2021 TOKYO;50;Nage Libre;Series;7.22;21.32;0.62;0.62;1.02;4
402;232;Kristian;GKOLOMEEV;m;19930704;GRE;;20210730;JO 2021 TOKYO;50;Nage Libre;Series;6.82;21.66;0.68;0.68;0.99;5
403;301;Bruno;FRATUS;m;19890630;BRA;;20210730;JO 2021 TOKYO;50;Nage Libre;Series;6.67;21.67;0.63;0.63;1.02;4
405;348;Vladyslav;BUKHOV;m;20020705;UKR;;20210730;JO 2021 TOKYO;50;Nage Libre;Series;4.6;21.73;0.65;0.65;1.02;4
406;233;Thom;DE BOER;m;19911224;NED;;20210730;JO 2021 TOKYO;50;Nage Libre;Series;6.67;21.75;0.62;0.62;0.96;3
407;229;Lorenzo;ZAZZERI;m;19940809;ITA;;20210730;JO 2021 TOKYO;50;Nage Libre;Series;7.22;21.86;0.62;0.62;0.99;7
408;35;Kliment;KOLESNIKOV;m;20000709;RUS;;20210730;JO 2021 TOKYO;50;Nage Libre;Series;6.79;21.88;0.67;0.67;1.02;1
409;302;Michael;ANDREW;m;19990418;USA;;20210730;JO 2021 TOKYO;50;Nage Libre;Series;6.69;21.89;0.68;0.68;0.95;5
410;300;Vladimir;MOROZOV;m;19920616;RUS;;20210730;JO 2021 TOKYO;50;Nage Libre;Series;6.79;21.92;0.62;0.62;1;4
411;23;Yohann;NDOYE BROUARD;m;20000101;FRA;DAUPHINS D'ANNECY;20210730;JO 2021 TOKYO;4x100;4 Nages;Series;14.21;52.77;0.58;0.58;0.7;2
412;33;Antoine;VIQUERAT;m;19980101;FRA;DAUPHINS TOULOUSE OEC;20210730;JO 2021 TOKYO;4x100;4 Nages;Series;66.99;59.94;0;0;0.41;2
413;19;Léon;MARCHAND;m;20020101;FRA;DAUPHINS TOULOUSE OEC;20210730;JO 2021 TOKYO;4x100;4 Nages;Series;126.94;52.05;0.21;0.21;0.49;2
414;22;Mehdy;METELLA;m;19920101;FRA;CN MARSEILLE;20210730;JO 2021 TOKYO;4x100;4 Nages;Series;178.98;48.65;0.23;0.23;0.63;4
415;18;Florent;MANAUDOU;m;19900101;FRA;CN MARSEILLE;20210731;JO 2021 TOKYO;50;Nage Libre;Demi-finale;5.31;21.53;0.61;0.61;1.01;4
416;14;Maxime;GROUSSET;m;19990101;FRA;AMIENS METROPOLE NAT.;20210731;JO 2021 TOKYO;50;Nage Libre;Demi-finale;9.95;21.87;0.62;0.62;0.99;8
417;299;Caeleb;DRESSEL;m;19960816;USA;;20210731;JO 2021 TOKYO;50;Nage Libre;Demi-finale;9.94;21.42;0.63;0.63;1.01;4
418;232;Kristian;GKOLOMEEV;m;19930704;GRE;;20210731;JO 2021 TOKYO;50;Nage Libre;Demi-finale;9.94;21.6;0.65;0.65;0.98;5
419;302;Michael;ANDREW;m;19990418;USA;;20210731;JO 2021 TOKYO;50;Nage Libre;Demi-finale;9.93;21.67;0.66;0.66;0.96;7
423;301;Bruno;FRATUS;m;19890630;BRA;;20210731;JO 2021 TOKYO;50;Nage Libre;Demi-finale;5.28;21.6;0.65;0.65;1.02;5
424;233;Thom;DE BOER;m;19911224;NED;;20210731;JO 2021 TOKYO;50;Nage Libre;Demi-finale;5.3;21.78;0.6;0.6;0.9;3
420;34;Marie;WATTEL;f;19970101;FRA;CN MARSEILLE;20210731;JO 2021 TOKYO;50;Nage Libre;Demi-finale;5.76;24.76;0.7;0.7;0.98;8
421;15;Mélanie;HENIQUE;f;19920101;FRA;CN MARSEILLE;20210731;JO 2021 TOKYO;50;Nage Libre;Demi-finale;6.76;24.63;0.58;0.58;0.93;1
422;44;Pernille;BLUME;f;19940514;DEN;CN MARSEILLE;20210731;JO 2021 TOKYO;50;Nage Libre;Demi-finale;5.76;24.08;0.65;0.65;1.02;4
425;229;Lorenzo;ZAZZERI;m;19940809;ITA;;20210731;JO 2021 TOKYO;50;Nage Libre;Demi-finale;45.08;21.75;0.62;0.62;0.95;2
426;230;Benjamin;PROUD;m;19940921;GBR;;20210731;JO 2021 TOKYO;50;Nage Libre;Demi-finale;45.11;21.67;0.58;0.58;0.94;1
427;18;Florent;MANAUDOU;m;19900101;FRA;CN MARSEILLE;20210801;JO 2021 TOKYO;50;Nage Libre;Finale;4.18;21.55;0.61;0.61;1.01;5
431;313;Emma;MCKEON;f;19940524;AUS;;20210801;JO 2021 TOKYO;50;Nage Libre;Finale;4.31;23.81;0.7;0.7;0.98;4
430;317;Sarah;SJOESTROEM;f;19930817;SWE;;20210801;JO 2021 TOKYO;50;Nage Libre;Finale;4.31;24.07;0.63;0.63;0.92;3
432;44;Pernille;BLUME;f;19940514;DEN;CN MARSEILLE;20210801;JO 2021 TOKYO;50;Nage Libre;Finale;4.32;24.21;0.62;0.62;0.98;5
428;43;Ranomi;KROMOWIDJOJO;f;19900820;NED;;20210801;JO 2021 TOKYO;50;Nage Libre;Finale;4.3;24.3;0.67;0.67;0.89;1
429;45;Katarzyna;WASICK;f;19920322;POL;;20210801;JO 2021 TOKYO;50;Nage Libre;Finale;4.3;24.32;0.66;0.66;0.92;2
435;338;Qingfeng;WU;f;20030128;CHN;;20210801;JO 2021 TOKYO;50;Nage Libre;Finale;4.31;24.32;0.7;0.7;0.91;8
434;335;Cate;CAMPBELL;f;19920520;AUS;;20210801;JO 2021 TOKYO;50;Nage Libre;Finale;4.29;24.36;0.76;0.76;1.08;7
433;336;Abbey;WEITZEIL;f;19961203;USA;;20210801;JO 2021 TOKYO;50;Nage Libre;Finale;4.32;24.41;0.64;0.64;0.93;6
439;299;Caeleb;DRESSEL;m;19960816;USA;;20210801;JO 2021 TOKYO;50;Nage Libre;Finale;4.16;21.07;0.63;0.63;1.01;4
438;301;Bruno;FRATUS;m;19890630;BRA;;20210801;JO 2021 TOKYO;50;Nage Libre;Finale;4.15;21.57;0.64;0.64;1.02;3
441;302;Michael;ANDREW;m;19990418;USA;;20210801;JO 2021 TOKYO;50;Nage Libre;Finale;4.18;21.6;0.66;0.66;0.94;7
437;230;Benjamin;PROUD;m;19940921;GBR;;20210801;JO 2021 TOKYO;50;Nage Libre;Finale;4.16;21.72;0.58;0.58;0.97;2
440;232;Kristian;GKOLOMEEV;m;19930704;GRE;;20210801;JO 2021 TOKYO;50;Nage Libre;Finale;4.16;21.72;0.63;0.63;0.96;6
436;229;Lorenzo;ZAZZERI;m;19940809;ITA;;20210801;JO 2021 TOKYO;50;Nage Libre;Finale;4.14;21.78;0.61;0.61;0.96;1
442;233;Thom;DE BOER;m;19911224;NED;;20210801;JO 2021 TOKYO;50;Nage Libre;Finale;4.16;21.79;0.63;0.63;0.93;8
445;415;Lydia;JACOBY;f;20040228;USA;;20210727;JO 2021 TOKYO;100;Brasse;Finale;6.18;64.95;0.67;0.67;1.01;3
446;472;Tatjana;SCHOENMAKER;f;19970709;RSA;;20210727;JO 2021 TOKYO;100;Brasse;Finale;6.2;65.22;0.66;0.66;1.01;4
447;421;Lilly;KING;f;19970210;USA;;20210727;JO 2021 TOKYO;100;Brasse;Finale;6.16;65.54;0.65;0.65;0.99;5
449;367;Evgeniia;CHIKUNOVA;f;20041117;RUS;;20210727;JO 2021 TOKYO;100;Brasse;Finale;6.22;65.9;0.7;0.7;0.99;7
444;189;Yuliya;EFIMOVA;f;19920403;RUS;;20210727;JO 2021 TOKYO;100;Brasse;Finale;6.19;66.02;0.71;0.71;1.11;2
448;191;Sophie;HANSSON;f;19980802;SWE;;20210727;JO 2021 TOKYO;100;Brasse;Finale;6.18;66.07;0.72;0.72;1.03;6
443;364;Martina;CARRARO;f;19930621;ITA;;20210727;JO 2021 TOKYO;100;Brasse;Finale;6.18;66.19;0.63;0.63;0.99;1
450;442;Mona;MC SHARRY;f;20000821;IRL;;20210727;JO 2021 TOKYO;100;Brasse;Finale;6.18;66.94;0.64;0.64;0.93;8
454;196;Adam;PEATY;m;19941228;GBR;;20210726;JO 2021 TOKYO;100;Brasse;Finale;6.09;57.37;0.62;0.62;1;4
455;199;Arno;KAMMINGA;m;19951022;NED;;20210726;JO 2021 TOKYO;100;Brasse;Finale;6.11;58;0.62;0.62;1.04;5
453;195;Nicolo;MARTINENGHI;m;19990801;ITA;;20210726;JO 2021 TOKYO;100;Brasse;Finale;6.12;58.33;0.6;0.6;0.99;3
452;302;Michael;ANDREW;m;19990418;USA;;20210726;JO 2021 TOKYO;100;Brasse;Finale;6.1;58.84;0.65;0.65;0.95;2
504;249;James;WILBY;m;19931112;GBR;;20210726;JO 2021 TOKYO;100;Brasse;Finale;6.12;58.96;0.65;0.65;0.97;7
458;498;Andrew;WILSON;m;19930916;USA;;20210726;JO 2021 TOKYO;100;Brasse;Finale;6.13;58.99;0.62;0.62;0.96;8
451;197;Ilya;SHYMANOVICH;m;19940802;BLR;;20210726;JO 2021 TOKYO;100;Brasse;Finale;6.13;59.36;0.63;0.63;0.94;1
456;502;Zibei;YAN;m;19951012;CHN;;20210726;JO 2021 TOKYO;100;Brasse;Finale;6.11;58.99;0.64;0.64;1;6
461;444;Kaylee;MCKEOWN;f;20010712;AUS;;20210727;JO 2021 TOKYO;100;Dos;Finale;5.91;57.47;0.56;0.56;0.6;3
463;439;Kylie;MASSE;f;19960118;CAN;;20210727;JO 2021 TOKYO;100;Dos;Finale;5.93;57.72;0.53;0.53;0.67;5
462;479;Regan;SMITH;f;20020209;USA;;20210727;JO 2021 TOKYO;100;Dos;Finale;5.92;58.05;0.59;0.59;0.77;4
464;496;Rhyan Elisabeth;WHITE;f;20000125;USA;;20210727;JO 2021 TOKYO;100;Dos;Finale;5.92;58.43;0.61;0.61;0.71;6
465;474;Emily;SEEBOHM;f;19920605;AUS;;20210727;JO 2021 TOKYO;100;Dos;Finale;5.93;58.45;0.64;0.64;0.7;7
460;225;Kathleen;DAWSON;f;19971003;GBR;;20210727;JO 2021 TOKYO;100;Dos;Finale;5.91;58.7;0.62;0.62;0.71;2
459;226;Kira;TOUSSAINT;f;19940522;NED;;20210727;JO 2021 TOKYO;100;Dos;Finale;5.93;59.11;0.51;0.51;0.62;1
466;289;Anastasia;GORBENKO;f;20030807;ISR;;20210727;JO 2021 TOKYO;100;Dos;Finale;5.94;59.53;0.67;0.67;0.77;8
468;246;Evgeny;RYLOV;m;19960923;RUS;;20210727;JO 2021 TOKYO;100;Dos;Finale;11.63;51.98;0.55;0.55;0.76;2
471;35;Kliment;KOLESNIKOV;m;20000709;RUS;;20210727;JO 2021 TOKYO;100;Dos;Finale;11.61;52;0.62;0.62;0.73;5
470;454;Ryan;MURPHY;m;19950702;USA;;20210727;JO 2021 TOKYO;100;Dos;Finale;11.63;52.19;0.52;0.52;0.64;4
472;208;Thomas;CECCON;m;20010127;ITA;;20210727;JO 2021 TOKYO;100;Dos;Finale;11.62;52.3;0.61;0.61;0.68;6
473;501;Jiayu;XU;m;19950819;CHN;;20210727;JO 2021 TOKYO;100;Dos;Finale;11.63;52.51;0.52;0.52;0.6;7
467;37;Hugo;GONZALEZ DE OLIVEIRA;m;19990219;ESP;;20210727;JO 2021 TOKYO;100;Dos;Finale;11.59;52.78;0.6;0.6;0.75;1
469;426;Mitch;LARKIN;m;20000709;AUS;;20210727;JO 2021 TOKYO;100;Dos;Finale;11.62;52.79;0.59;0.59;0.63;3
474;36;Robert-Andrei;GLINTA;m;19970418;ROU;;20210727;JO 2021 TOKYO;100;Dos;Finale;11.62;52.95;0.57;0.57;0.67;8
478;313;Emma;MCKEON;f;19940524;AUS;;20210730;JO 2021 TOKYO;100;Nage Libre;Finale;7.08;51.96;0.58;0.58;0.91;4
479;403;Siobhan Bernadette;HAUGHEY;f;19971231;HKG;;20210730;JO 2021 TOKYO;100;Nage Libre;Finale;6.99;52.27;0.68;0.68;1;5
477;335;Cate;CAMPBELL;f;19920520;AUS;;20210730;JO 2021 TOKYO;100;Nage Libre;Finale;7;52.52;0.79;0.79;1.05;3
476;333;Penny;OLEKSIAK;f;20000613;CAN;;20210730;JO 2021 TOKYO;100;Nage Libre;Finale;6.98;52.59;0.69;0.69;0.93;2
480;317;Sarah;SJOESTROEM;f;19930817;SWE;;20210730;JO 2021 TOKYO;100;Nage Libre;Finale;7;52.68;0.66;0.66;0.93;6
481;47;Femke;HEEMSKERK;f;19870921;NED;;20210730;JO 2021 TOKYO;100;Nage Libre;Finale;7.01;52.79;0.7;0.7;0.94;7
482;48;Anna;HOPKIN;f;19960424;GBR;;20210730;JO 2021 TOKYO;100;Nage Libre;Finale;6.99;52.83;0.7;0.7;1.02;8
475;336;Abbey;WEITZEIL;f;19961203;USA;;20210730;JO 2021 TOKYO;100;Nage Libre;Finale;6.97;53.23;0.69;0.69;1.03;1
493;299;Caeleb;DRESSEL;m;19960816;USA;;20210731;JO 2021 TOKYO;100;Papillon;Finale;3.25;49.45;0.6;0.6;0.98;4
494;242;Kristof;MILAK;m;20000220;HUN;;20210731;JO 2021 TOKYO;100;Papillon;Finale;3.23;49.68;0.67;0.67;0.95;5
492;240;Noe;PONTI;m;20010601;SUI;;20210731;JO 2021 TOKYO;100;Papillon;Finale;3.23;50.74;0.68;0.68;1.01;3
491;209;Andrei;MINAKOV;m;20020317;RUS;;20210731;JO 2021 TOKYO;100;Papillon;Finale;3.24;50.88;0.61;0.61;0.95;2
490;244;Jakub;MAJERSKI;m;20000818;POL;;20210731;JO 2021 TOKYO;100;Papillon;Finale;3.22;50.92;0.65;0.65;0.97;1
496;487;Matthew;TEMPLE;m;19990620;AUS;;20210731;JO 2021 TOKYO;100;Papillon;Finale;3.25;50.92;0.61;0.61;0.89;7
497;437;Luis Carlos;MARTINEZ;m;19951211;GUA;;20210731;JO 2021 TOKYO;100;Papillon;Finale;3.25;51.09;0.6;0.6;1;8
495;241;Josif;MILADINOV;m;20030623;BUL;;20210731;JO 2021 TOKYO;100;Papillon;Finale;3.23;51.49;0.64;0.64;0.97;6
499;330;Yui;OHASHI;f;19951018;JPN;;20210728;JO 2021 TOKYO;200;4 Nages;Finale;6.08;128.52;0.66;0.66;0.93;2
500;492;Alex;WALSH;f;20010731;USA;;20210728;JO 2021 TOKYO;200;4 Nages;Finale;6.04;128.65;0.72;0.72;0.95;3
515;380;Kate;DOUGLASS;f;20011117;USA;;20210728;JO 2021 TOKYO;200;4 Nages;Finale;6.07;129.04;0.69;0.69;1.04;4
502;287;Abbie;WOOD;f;19990302;GBR;;20210728;JO 2021 TOKYO;200;4 Nages;Finale;6.05;129.15;0.66;0.66;0.94;5
503;327;Yiting;YU;f;20050905;CHN;;20210728;JO 2021 TOKYO;200;4 Nages;Finale;6.06;129.57;0.68;0.68;0.98;6
505;329;Sydney;PICKREM;f;19970521;CAN;;20210728;JO 2021 TOKYO;200;4 Nages;Finale;6.14;130.05;0.59;0.59;0.95;7
498;290;Katinka;HOSSZU;f;19890503;HUN;;20210728;JO 2021 TOKYO;200;4 Nages;Finale;6.05;132.38;0.7;0.7;1.04;1
506;497;Alicia;WILSON;f;20000305;GBR;;20210728;JO 2021 TOKYO;200;4 Nages;Finale;6.06;132.86;0.65;0.65;1.02;8
507;308;Lewis;CLAREBURT;m;19990704;NZL;;20210730;JO 2021 TOKYO;200;4 Nages;Finale;6.15;117.7;0.67;0.67;1;1
508;276;Jérémy;DESPLANCHES;m;19940807;SUI;;20210730;JO 2021 TOKYO;200;4 Nages;Finale;6.14;116.17;0.61;0.61;0.93;2
509;304;Daiya;SETO;m;19940524;JAP;;20210730;JO 2021 TOKYO;200;4 Nages;Finale;6.17;116.22;0.59;0.59;0.96;3
510;306;Shun;WANG;m;19940211;CHN;;20210730;JO 2021 TOKYO;200;4 Nages;Finale;6.13;115;0.6;0.6;0.95;4
511;271;Duncan W;SCOTT;m;19970506;GBR;;20210730;JO 2021 TOKYO;200;4 Nages;Finale;6.13;115.28;0.66;0.66;1;5
512;302;Michael;ANDREW;m;19990418;USA;;20210730;JO 2021 TOKYO;200;4 Nages;Finale;6.15;117.31;0.66;0.66;0.94;6
513;399;Kosuke;HAGINO;m;19940815;JPN;;20210730;JO 2021 TOKYO;200;4 Nages;Finale;6.15;117.49;0.6;0.6;0.98;7
514;275;Laszlo;CSEH;m;19851203;HUN;;20210730;JO 2021 TOKYO;200;4 Nages;Finale;6.16;117.68;0.67;0.67;1.01;8
587;464;Molly;RENSHAW;f;19960506;GBR;;20210730;JO 2021 TOKYO;200;Brasse;Finale;16.16;142.65;0.67;0.67;0.96;1
588;421;Lilly;KING;f;19970210;USA;;20210730;JO 2021 TOKYO;200;Brasse;Finale;16.16;139.92;0.65;0.65;0.97;2
590;427;Annie;LAZOR;f;19940817;USA;;20210730;JO 2021 TOKYO;200;Brasse;Finale;16.14;140.84;0.73;0.73;1.02;3
591;472;Tatjana;SCHOENMAKER;f;19970709;RSA;;20210730;JO 2021 TOKYO;200;Brasse;Finale;16.19;138.95;0.66;0.66;1.04;4
592;367;Evgeniia;CHIKUNOVA;f;20041117;RUS;;20210730;JO 2021 TOKYO;200;Brasse;Finale;16.18;140.88;0.71;0.71;1.04;5
593;373;Kaylene;CORBETT;f;19990615;RSA;;20210730;JO 2021 TOKYO;200;Brasse;Finale;16.18;142.06;0.71;0.71;1.06;6
594;287;Abbie;WOOD;f;19990302;GBR;;20210730;JO 2021 TOKYO;200;Brasse;Finale;16.17;143.72;0.68;0.68;0.97;7
595;429;Fanny;LECLUYSE;f;19920311;BEL;;20210730;JO 2021 TOKYO;200;Brasse;Finale;16.17;144.57;0.69;0.69;1;8
579;262;Anton;CHUPKOV;m;19970222;RUS;;20210729;JO 2021 TOKYO;200;Brasse;Finale;7.83;127.24;0.62;0.62;0.97;1
580;260;Matti;MATTSSON;m;19931005;FIN;;20210729;JO 2021 TOKYO;200;Brasse;Finale;7.84;127.13;0.68;0.68;0.93;2
581;199;Arno;KAMMINGA;m;19951022;NED;;20210729;JO 2021 TOKYO;200;Brasse;Finale;7.84;127.01;0.65;0.65;1.01;3
582;482;Izaac;STUBBLETY-COOK;m;19990104;AUS;;20210729;JO 2021 TOKYO;200;Brasse;Finale;7.82;126.38;0.65;0.65;0.9;4
583;249;James;WILBY;m;19931112;GBR;;20210729;JO 2021 TOKYO;200;Brasse;Finale;7.85;128.19;0.65;0.65;0.96;5
584;384;Nic;FINK;m;19930703;USA;;20210729;JO 2021 TOKYO;200;Brasse;Finale;7.84;127.93;0.71;0.71;1.03;6
585;453;Ryuya;MURA;m;19960703;JPN;;20210729;JO 2021 TOKYO;200;Brasse;Finale;7.86;128.42;0.59;0.59;0.96;7
586;261;Erik;PERSSON;m;19940112;SWE;;20210729;JO 2021 TOKYO;200;Brasse;Finale;7.85;128.88;0.66;0.66;0.97;8
571;467;Taylor;RUCK;f;20000528;CAN;;20210731;JO 2021 TOKYO;200;Dos;Finale;6.36;128.24;0.63;0.63;0.71;1
572;444;Kaylee;MCKEOWN;f;20010712;AUS;;20210731;JO 2021 TOKYO;200;Dos;Finale;6.38;124.68;0.59;0.59;0.62;2
573;496;Rhyan Elisabeth;WHITE;f;20000125;USA;;20210731;JO 2021 TOKYO;200;Dos;Finale;6.38;126.39;0.61;0.61;0.78;3
574;474;Emily;SEEBOHM;f;19920605;AUS;;20210731;JO 2021 TOKYO;200;Dos;Finale;6.38;126.17;0.65;0.65;0.71;4
575;354;Phoebe;BACON;f;20020812;USA;;20210731;JO 2021 TOKYO;200;Dos;Finale;6.38;126.4;0.59;0.59;0.77;5
576;439;Kylie;MASSE;f;19960118;CAN;;20210731;JO 2021 TOKYO;200;Dos;Finale;6.39;125.42;0.54;0.54;0.68;6
577;433;Yaxin;LIU;f;19990616;CHN;;20210731;JO 2021 TOKYO;200;Dos;Finale;6.39;128.48;0.6;0.6;0.75;7
578;460;Xuwei;PENG;f;20030115;CHN;;20210731;JO 2021 TOKYO;200;Dos;Finale;6.39;128.26;0.6;0.6;0.68;8
563;258;Radoslaw;KAWECKI;m;19910816;POL;;20210730;JO 2021 TOKYO;200;Dos;Finale;8.26;116.39;0.61;0.61;0.72;1
564;388;Nicolas;GARCIA SAIZ;m;20020618;ESP;;20210730;JO 2021 TOKYO;200;Dos;Finale;8.27;119.06;0.63;0.63;0.76;2
565;454;Ryan;MURPHY;m;19950702;USA;;20210730;JO 2021 TOKYO;200;Dos;Finale;8.26;114.15;0.54;0.54;0.69;3
566;246;Evgeny;RYLOV;m;19960923;RUS;;20210730;JO 2021 TOKYO;200;Dos;Finale;8.27;113.27;0.54;0.54;0.72;4
567;247;Luke;GREENBANK;m;19970917;GBR;;20210730;JO 2021 TOKYO;200;Dos;Finale;8.28;114.72;0.61;0.61;0.73;5
568;257;Adam;TELEGDY;m;19951101;HUN;;20210730;JO 2021 TOKYO;200;Dos;Finale;8.26;116.15;0.65;0.65;0.73;6
569;446;Bryce;MEFFORD;m;19981003;USA;;20210730;JO 2021 TOKYO;200;Dos;Finale;8.27;115.49;0.57;0.57;0.76;7
570;414;Ryosuke;IRIE;m;19900124;JPN;;20210730;JO 2021 TOKYO;200;Dos;Finale;8.29;117.32;0.54;0.54;0.65;8
555;266;Federica;PELLEGRINI;f;19880805;ITA;;20210728;JO 2021 TOKYO;200;Nage Libre;Finale;5.94;115.91;0.71;0.71;0.95;1
556;50;Barbora;SEEMANOVA;f;20000401;CZE;;20210728;JO 2021 TOKYO;200;Nage Libre;Finale;5.95;115.45;0.63;0.63;0.96;2
557;430;Kathleen;LEDECKY;f;20070317;USA;;20210728;JO 2021 TOKYO;200;Nage Libre;Finale;5.98;115.21;0.62;0.62;0.95;3
558;490;Ariarne;TITMUS;f;20000907;AUS;;20210728;JO 2021 TOKYO;200;Nage Libre;Finale;5.94;113.5;0.71;0.71;0.98;4
559;403;Siobhan Bernadette;HAUGHEY;f;19971231;HKG;;20210728;JO 2021 TOKYO;200;Nage Libre;Finale;5.95;113.92;0.72;0.72;1.02;5
560;503;Junxuan;YANG;f;20020126;CHN;;20210728;JO 2021 TOKYO;200;Nage Libre;Finale;5.98;115.01;0.66;0.66;0.93;6
561;333;Penny;OLEKSIAK;f;20000613;CAN;;20210728;JO 2021 TOKYO;200;Nage Libre;Finale;5.95;114.7;0.69;0.69;0.93;7
562;499;Madison;WILSON;f;19940531;AUS;;20210728;JO 2021 TOKYO;200;Nage Libre;Finale;5.96;116.39;0.75;0.75;1.03;8
547;217;David;POPOVICI;m;20040915;ROU;;20210727;JO 2021 TOKYO;200;Nage Libre;Finale;7.95;104.68;0.68;0.68;0.99;1
548;270;Martin;MALYUTIN;m;19990705;RUS;;20210727;JO 2021 TOKYO;200;Nage Libre;Finale;7.97;105.01;0.7;0.7;1.09;2
549;272;Danas;RAPSYS;m;19950521;LTU;;20210727;JO 2021 TOKYO;200;Nage Libre;Finale;7.96;105.78;0.65;0.65;0.87;3
550;271;Duncan W;SCOTT;m;19970506;GBR;;20210727;JO 2021 TOKYO;200;Nage Libre;Finale;7.96;104.26;0.66;0.66;1.01;4
551;477;Kieran;SMITH;m;20000520;USA;;20210727;JO 2021 TOKYO;200;Nage Libre;Finale;7.96;105.12;0.69;0.69;0.95;5
552;221;Thomas;DEAN;m;20000502;GBR;;20210727;JO 2021 TOKYO;200;Nage Libre;Finale;7.97;104.22;0.64;0.64;0.94;6
553;347;Sunwoo;HWANG;m;20030521;KOR;;20210727;JO 2021 TOKYO;200;Nage Libre;Finale;7.97;105.26;0.58;0.58;0.94;7
554;470;Fernando;SCHEFFER;m;19980406;BRA;;20210727;JO 2021 TOKYO;200;Nage Libre;Finale;7.97;104.66;0.66;0.66;0.96;8
539;235;Svetlana;CHIMROVA;f;19960415;RUS;;20210729;JO 2021 TOKYO;200;Papillon;Finale;3.55;127.7;0.72;0.72;0.97;1
540;504;Liyan;YU;f;20000601;CHN;;20210729;JO 2021 TOKYO;200;Papillon;Finale;3.59;127.85;0.61;0.61;0.9;2
541;418;Boglarka;KAPAS;f;19930422;HUN;;20210729;JO 2021 TOKYO;200;Papillon;Finale;3.57;126.53;0.68;0.68;1.04;3
542;312;Yufei;ZHANG;f;19980419;CHN;;20210729;JO 2021 TOKYO;200;Papillon;Finale;3.62;123.86;0.6;0.6;0.87;4
543;331;Hali;FLICKINGER;f;19940707;USA;;20210729;JO 2021 TOKYO;200;Papillon;Finale;3.59;125.65;0.7;0.7;0.94;5
544;479;Regan;SMITH;f;20020209;USA;;20210729;JO 2021 TOKYO;200;Papillon;Finale;3.55;125.3;0.7;0.7;0.98;6
545;314;Brianna;THROSSEL;f;19960210;AUS;;20210729;JO 2021 TOKYO;200;Papillon;Finale;3.55;129.48;0.72;0.72;0.99;7
546;488;Alys Margaret;THOMAS;f;19901010;GBR;;20210729;JO 2021 TOKYO;200;Papillon;Finale;3.57;127.9;0.72;0.72;0.99;8
531;368;Krzysztof;CHMIELEWSKI;m;20040608;POL;;20210728;JO 2021 TOKYO;200;Papillon;Finale;4.82;115.88;0.63;0.63;1.01;1
532;252;Tamas;KENDERESI;m;19961213;HUN;;20210728;JO 2021 TOKYO;200;Papillon;Finale;4.84;114.52;0.68;0.68;1;2
533;428;Chad;LE CLOS;m;19920412;RSA;;20210728;JO 2021 TOKYO;200;Papillon;Finale;4.85;114.93;0.59;0.59;0.92;3
534;242;Kristof;MILAK;m;20000220;HUN;;20210728;JO 2021 TOKYO;200;Papillon;Finale;4.84;111.25;0.66;0.66;0.98;4
535;376;Leonardo;DE DEUS;m;19910118;BRA;;20210728;JO 2021 TOKYO;200;Papillon;Finale;4.85;115.19;0.66;0.66;0.93;5
536;245;Federico;BURDISSO;m;20010920;ITA;;20210728;JO 2021 TOKYO;200;Papillon;Finale;4.83;114.45;0.66;0.66;0.96;6
537;358;Gunnar;BENTZ;m;19960103;USA;;20210728;JO 2021 TOKYO;200;Papillon;Finale;4.9;115.46;0.7;0.7;0.83;7
538;409;Tomoru;HONDA;m;20011231;JPN;;20210728;JO 2021 TOKYO;200;Papillon;Finale;4.85;113.73;0.62;0.62;0.9;8
516;450;Jake;MITCHELL;m;20011222;USA;;20210725;JO 2021 TOKYO;400;Nage Libre;Finale;0;225.39;0.69;0.69;-1;1
517;445;Jack;MCLOUGHLIN;m;19950201;AUS;;20210725;JO 2021 TOKYO;400;Nage Libre;Finale;0;223.52;0.67;0.67;-1;2
518;378;Gabriele;DETTI;m;19940829;ITA;;20210725;JO 2021 TOKYO;400;Nage Libre;Finale;0;224.88;0.73;0.73;-1;3
519;452;Henning Bennet;MUHLLEITNER;m;19970715;GER;;20210725;JO 2021 TOKYO;400;Nage Libre;Finale;2.08;224.07;0.71;0.71;-3.08;4
520;353;Felix;AUBOECK;m;19961219;AUT;;20210725;JO 2021 TOKYO;400;Nage Libre;Finale;0;224.07;0.76;0.76;-1;5
521;500;Elijah;WINNINGTON;m;20000505;AUS;;20210725;JO 2021 TOKYO;400;Nage Libre;Finale;0;-1;-1;-1;-1;-1
522;477;Kieran;SMITH;m;20000520;USA;;20210725;JO 2021 TOKYO;400;Nage Libre;Finale;0;223.94;0.69;0.69;-1;7
523;398;Ahmed;HAFNAOUI;m;20021204;TUN;;20210725;JO 2021 TOKYO;400;Nage Libre;Finale;0;223.36;0.73;0.73;-1;8
596;2;David;AUBRY;m;19960101;FRA;MONTPELLIER METROPOLE NATATION;20210727;JO 2021 TOKYO;800;Nage Libre;Series;7.24;480.16;0.73;0.73;0.99;5
597;236;Louise;HANSSON;f;19961124;SWE;;20210928;JO 2021 TOKYO;100;Papillon;Finale;43.24;56.22;0.69;0.69;0.95;1
598;316;Torri;HUSKE;f;20021207;USA;;20210928;JO 2021 TOKYO;100;Papillon;Finale;43.22;55.73;0.64;0.64;0.94;2
599;313;Emma;MCKEON;f;19940524;AUS;;20210928;JO 2021 TOKYO;100;Papillon;Finale;43.21;55.72;0.73;0.73;1.04;3
600;312;Yufei;ZHANG;f;19980419;CHN;;20210928;JO 2021 TOKYO;100;Papillon;Finale;43.23;55.64;0.64;0.64;0.93;4
601;317;Sarah;SJOESTROEM;f;19930817;SWE;;20210928;JO 2021 TOKYO;100;Papillon;Finale;43.22;56.91;0.67;0.67;0.94;6
602;319;Margaret;MACNEIL;f;20000226;CAN;;20210928;JO 2021 TOKYO;100;Papillon;Finale;43.26;55.59;0.63;0.63;0.97;7
603;234;Anastasiya;SHKURDAI;f;20030103;BLR;;20210928;JO 2021 TOKYO;100;Papillon;Finale;43.22;57.05;0.64;0.64;0.95;8
604;278;Alberto;RAZZETTI;m;19990602;ITA;;20210928;JO 2021 TOKYO;400;4 Nages;Finale;0;251.32;0.68;0.68;-1;2
605;309;Chase;KALISZ;m;19940307;USA;;20210928;JO 2021 TOKYO;400;4 Nages;Finale;0;249.42;0.73;0.73;-1;3
606;476;Brendon;SMITH;m;20000704;AUS;;20210928;JO 2021 TOKYO;400;4 Nages;Finale;0;250.38;0.66;0.66;-1;4
607;308;Lewis;CLAREBURT;m;19990704;NZL;;20210928;JO 2021 TOKYO;400;4 Nages;Finale;0;251.22;0.68;0.68;-1;5
608;282;David;VERRASZTO;m;19880822;HUN;;20210928;JO 2021 TOKYO;400;4 Nages;Finale;0;250.59;0.79;0.79;-1;6
609;305;Jay;LITHERLAND;m;19950824;USA;;20210928;JO 2021 TOKYO;400;4 Nages;Finale;0;250.28;0.71;0.71;-1;7
610;279;Max;LITCHFIELD;m;19950304;GBR;;20210928;JO 2021 TOKYO;400;4 Nages;Finale;0;250.59;0.61;0.61;-1;8
